id,image,title,date,location,beds,description,price,currency
1631152329,https://media.kijiji.ca/api/v1/ca-prod-dealer-ads/images/8e/8e72760c-fc91-4806-9686-94fec039b7d8?rule=kijijica-200-jpg,"2 Bedroom, 1 Bathroom Apartment for Rent - 157 Jameson Avenue",31/08/2022,City of Toronto,2,Hurry! Limited Time offer. Move-in on or before October 1st and get 1-month free rent for October on Select suites Hurry! Limited Time offer. Move-in on or before October 1st and get 1-month free ... 2 MONTHS FREE | For move-in on or before June 1. Call us TODAY!,2649.0,$
1628841303,https://media.kijiji.ca/api/v1/ca-prod-fsbo-ads/images/a4/a42ce4a6-4301-4d2c-8b46-db000694e3e6?rule=kijijica-200-jpg,Yonge / Finch Condo for rent (at Finch Subway),12/08/2022,City of Toronto,2 + Den,"2 bedrooms + 2 full bathrooms + Solarium is available for rent on September 1. 1045 Sq ft. 9th Floor. North exposure. Direct underground access to Finch Subway Station. New paint, Floor, Fridge, ...",2900.0,$
1632091058,https://media.kijiji.ca/api/v1/ca-prod-fsbo-ads/images/64/647768cf-cfb8-42ab-a5fe-e1966c1ed5b0?rule=kijijica-200-jpg,Stunning Brand New 2 Bed 2 Bath unit with CN tower and lake view,08/09/2022,City of Toronto,2,"Stunning city, CN tower and water views!! Never lived in, 2 bedroom 2 bathroom condo with parking in the brand new Mirabella Condo Development. Top of the line finishes and appliances throughout. ...",3100.0,$
1631153130,https://media.kijiji.ca/api/v1/ca-prod-dealer-ads/images/4f/4f8bdbb3-ecd2-48ac-a47d-6d3a7cc1eadc?rule=kijijica-200-jpg,2 Bedroom Suite | Newly Renovated| FMR FREE Call Today!,31/08/2022,City of Toronto,2,"Beautiful, and newly renovated Bachelor, one and two bedroom suites available now! Do not miss out on calling 50 Driftwood your home, Ruby Heights, located in the North York district of Toronto, has ... Incredible Incentives, Virtual Tours &amp; Incredible Suites! Call Today!",2269.0,$
1631150828,https://media.kijiji.ca/api/v1/ca-prod-dealer-ads/images/fb/fbb2657c-7ad4-4428-b489-9f6006363f40?rule=kijijica-200-jpg,One Bedroom Suites  | Minto Yorkville for Rent,31/08/2022,City of Toronto,1,Utilities Included Heat Water Building Features Covered parking Elevators Social room Sauna Fitness room Wheelchair access Recreation room Public transit Shopping nearby Parks nearby Schools nearby ... Premium suites at Bay and Yorkville in Toronto,3209.0,$
1632225790,https://media.kijiji.ca/api/v1/ca-prod-fsbo-ads/images/1a/1aa2869e-7b04-4016-9835-b5f7bd8f47a2?rule=kijijica-200-jpg,Separate one-bedroom basement apartment,08/09/2022,Vaughan,1,"FROM 1 October. One bedroom basement apartment in a highly convenient neighborhood - Fully renovated - Сomplete deep tub with shower - Stove, Microwave, little fridge - Air Conditioning - Separate ...",1950.0,$
1629348058,https://media.kijiji.ca/api/v1/ca-prod-fsbo-ads/images/c5/c586b9ff-bf37-47e0-aa5c-656aad1fe088?rule=kijijica-200-jpg,Renovated 2 BR Unit in Prime Junction Area w/ Laundry,08/09/2022,Toronto,2,"Rarely offered 2 br 1 bathroom unit in 3 storey building at High Park Ave and Dundas St W. Absolutely prime junction location close to transit, grocery stores, local shops, cafes, restaurants, bars, ...",2350.0,$
1627845120,https://media.kijiji.ca/api/v1/ca-prod-dealer-ads/images/00/003713bd-f7fe-4e45-a9d1-34e4794373fe?rule=kijijica-200-jpg,1 Bedroom East York (St. Clair & Victoria Park Ave),08/09/2022,East York,1,2892 St. Clair Ave E O'Connor Dr/St. Clair Ave E *Please note that the suite photos in the listing are for illustrative purposes only. Suite finishes may vary by availability and suite type. Monthly ...,1948.0,$
1631276726,https://media.kijiji.ca/api/v1/ca-prod-dealer-ads/images/3b/3b477417-9129-4b92-a153-5610a6539720?rule=kijijica-200-jpg,Fully Renovated 1 Bedroom near HWY 401!,08/09/2022,Toronto,1,"2450 & 2460 Weston Road (Toronto) Weston Rd. & HWY 401 Monthly rent: Starting from $2023/month Utilities: Heat and water included, hydro extra Parking: $125 per month/indoor and outdoor (based on ...",2023.0,$
1620781843,https://media.kijiji.ca/api/v1/ca-prod-dealer-ads/images/d2/d2f0d9a3-a942-41d1-abbe-1d2cd5031cb4?rule=kijijica-200-jpg,Fully Upgraded 3 Bedroom Townhouse - Perfect home for families!,08/09/2022,City of Toronto,3,2029-2055 Victoria Park Avenue Victoria Park Ave. & Ellesmere Rd. Monthly rent: Starting from $3599 Parking: $130 per month/outdoor Suite Features: Thorough cleaning of every suite before move in ...,3599.0,$
1620781959,https://media.kijiji.ca/api/v1/ca-prod-dealer-ads/images/98/9836867d-df03-46cd-9827-58b4e369d306?rule=kijijica-200-jpg,Newly Renovated 2 Bedroom ~ North York ~ Jane and Yorkwoods,08/09/2022,City of Toronto,2,2801 Jane St. Jane St. & Finch Ave W. Rent: Starting from $2345/month Utilities:Heat included Parking: $95 per month/indoor OR $85 per month/outdoor To view our property from the comfort of your own ...,2345.0,$
1535173371,https://media.kijiji.ca/api/v1/ca-prod-dealer-ads/images/0b/0bd674e0-9324-444a-aad2-9807d13f19e8?rule=kijijica-200-jpg,Newly Renovated 1 Bedroom ~ near 401! Spacious units!,08/09/2022,Toronto,1,"2240 Weston Road (Toronto) Weston Rd. & HWY 401 Monthly rent: Starting from $1952/month Utilities: Heat and water included, hydro extra Parking: $115 per month/indoor To view our property from the ...",1952.0,$
1505791905,https://media.kijiji.ca/api/v1/ca-prod-dealer-ads/images/a7/a7200ea3-ff9f-4d45-8871-eeaabe52e60b?rule=kijijica-200-jpg,LARGE Fully Renovated 2 Bedroom near HWY 401!,08/09/2022,Toronto,2,"2450 & 2460 Weston Road (Toronto) Weston Rd. & HWY 401 Monthly rent: Starting from $2343/month Utilities: Heat and water included, hydro extra Parking: $125 per month/indoor and outdoor (based on ...",2343.0,$
1622576198,https://media.kijiji.ca/api/v1/ca-prod-dealer-ads/images/ae/ae78252a-543e-4b99-834a-b6d9dd8adec5?rule=kijijica-200-jpg,Brand New Renovated 1 Bedroom!,08/09/2022,North York,1,"4500 Jane St Rent: Starting from: $1979/month Utilities: Heat included Parking: Outdoor: $100/month, Indoor: $130/month To view our property from the comfort of your own home, click here for a ...",1979.0,$
1628349627,https://media.kijiji.ca/api/v1/ca-prod-dealer-ads/images/58/58e90071-e1dc-4d8f-b196-bc1ca1ae0636?rule=kijijica-200-jpg,Newly Renovated 1 Bedroom (HWY 401 & DVP),08/09/2022,City of Toronto,1,"67 & 70 Parkwoods Village Dr., Toronto Victoria Park Ave. & Parkwoods Village Dr. Monthly rent: Starting from $1926/month Utilities: Heat included, hydro and water extra Parking:$125 per ...",1926.0,$
1626968899,https://media.kijiji.ca/api/v1/ca-prod-dealer-ads/images/9c/9c081ba9-1409-44cf-814d-e1646c30b9ab?rule=kijijica-200-jpg,EAST YORK Reno 1 BR by Broadview,08/09/2022,Toronto,1,"65 Hillside Dr., Toronto Broadview Ave. & OConnor Dr. Monthly rent: Starting from $1960/month Utilities: Heat included, hydro water extra Parking: $103 per month/outdoor To view our property from the ...",1960.0,$
1523036055,https://media.kijiji.ca/api/v1/ca-prod-dealer-ads/images/52/5238ec2b-dfd1-4b9e-80b8-7971298940d1?rule=kijijica-200-jpg,Newly Renovated 1 Bedroom ~ East York/near DVP,08/09/2022,Toronto,1,"71 Thorncliffe Park Drive (East York) Thorncliffe Park Dr. & Overlea Blvd. Monthly rent: Starting from $1973/month Utilities: Heat and water included, hydro extra Parking: $130 per month/indoor or ...",1973.0,$
1623467593,https://media.kijiji.ca/api/v1/ca-prod-dealer-ads/images/ee/ee72898a-08df-4048-9054-ceca74ff2f32?rule=kijijica-200-jpg,"2 BDRM in North York near TTC, Schools & Shopping! (York Mills)",08/09/2022,Toronto,2,"77 Parkwoods Village Dr., Toronto Victoria Park Ave. & Parkwoods Village Dr. Monthly rent: Starting from $2,493/month Utilities: Heat included, hydro and water extra Parking: $125 per month/outdoor ...",2493.0,$
1628292774,https://media.kijiji.ca/api/v1/ca-prod-dealer-ads/images/23/23f7cb6b-1b2c-4f60-906f-f137c009f5f6?rule=kijijica-200-jpg,Renovated 1 Bedroom ~ Low-rise in quiet community!,08/09/2022,East York,1,"338-342 Donlands Avenue (East York) O'Connor Drive & Pape Avenue Monthly rent: Starting from $1870/month Utilities: Heat included, hydro and water extra Parking: $135 per month/outdoor To view our ... Receive One Month Free on a 13 Month Lease!",1870.0,$
1632175952,https://media.kijiji.ca/api/v1/ca-prod-dealer-ads/images/e4/e449992e-cb9f-4d1b-8ef8-502e4358390f?rule=kijijica-200-jpg,Newly Renovated 2 Bedroom ~ minutes away from DVP!,08/09/2022,North York,2,"74 Curlew Drive (North York) Lawrence Ave E. & Victoria Park Ave. Monthly rent: starting from $2,499 Utilities:Heat included, hydro and water extra Parking:$135 per month/indoor or $120 per ...",2499.0,$
1528070191,https://media.kijiji.ca/api/v1/ca-prod-dealer-ads/images/a0/a0fb9abe-4452-4902-87c6-ef1929cf87b1?rule=kijijica-200-jpg,"Brand new renovated 2 bedroom apartment! Near YorkU, TTC",08/09/2022,North York,2,"4500 Jane St. Rent: Starting from $2380/month Utilities: Heat included Parking: Outdoor: $100/month, Indoor: $130/month To view our property from the comfort of your own home, click here for a ...",2380.0,$
1630119355,https://media.kijiji.ca/api/v1/ca-prod-dealer-ads/images/f1/f1838f78-8e00-42c9-96a6-401add87b41c?rule=kijijica-200-jpg,"Large 3 bed available ~ ,close to the DVP",08/09/2022,Toronto,3,"75 Thorncliffe Park Drive (East York) Thorncliffe Park Dr. & Overlea Blvd. Monthly rent: Starting from $2997 Utilities: Heat and water included, hydro extra Parking: $130 per month/indoor or $90 per ...",2997.0,$
1631277619,https://media.kijiji.ca/api/v1/ca-prod-dealer-ads/images/a4/a442ffac-1be0-4ddb-adda-c0acd6d113ff?rule=kijijica-200-jpg,Bachelor in heart of Old East York!,08/09/2022,East York,Bachelor/Studio,2893-2897 St. Clair Ave E O'Connor Dr/St. Clair Ave E *Please note that the suite photos in the listing are for illustrative purposes only. Suite finishes may vary by availability and suite type. ...,1673.0,$
1615005758,https://media.kijiji.ca/api/v1/ca-prod-dealer-ads/images/a4/a4bb6e2d-b537-4c5b-aab4-d381709ef890?rule=kijijica-200-jpg,"Brand New Renovated 1 Bedroom - Walk to GO Train, Lake, Parks!",08/09/2022,Toronto,1,"90, 92 James & 25 Villa Rd. James St. & Forty Second St. Monthly rent: Starting from $2229/month Utilities: Heat included, hydro and water extra Parking: $110/month Suite Features: Thorough cleaning ...",2229.0,$
1594815398,https://media.kijiji.ca/api/v1/ca-prod-dealer-ads/images/08/084b4942-82f1-443c-8367-071f07672257?rule=kijijica-200-jpg,Bachelor with high end finishes ~Close to O’Connor and St. Clair,08/09/2022,East York,Bachelor/Studio,"5, 7 & 9 Stag Hill Drive (East York) O'Connor Dr. & St. Clair Ave E. Monthly rent: Starting from $1760/month Utilities: Heat included, hydro and water extra Parking: $100 per month/outdoor To view ... Book your virtual showing now! Please call for more details.",1760.0,$
1632175738,https://media.kijiji.ca/api/v1/ca-prod-dealer-ads/images/8d/8d3e5c20-6bfa-42c0-b222-c846c66c616c?rule=kijijica-200-jpg,Large 1 Bedroom with luxurious finishes ~ O'Connor & St. Clair!,08/09/2022,East York,1,"5, 7 & 9 Stag Hill Drive (East York) O'Connor Dr. & St. Clair Ave E. Monthly rent: Starting from $1,999 Utilities: Heat and water included, hydro extra Parking: $100 per month/outdoor Suite Features: ... Book your virtual showing now! Please call for more details.",1999.0,$
1632175632,https://media.kijiji.ca/api/v1/ca-prod-dealer-ads/images/43/434d9a11-1a15-4b2a-9e1d-605b476f914d?rule=kijijica-200-jpg,GORGEOUS 1 BEDROOM! Close to the lake + GO Station,08/09/2022,Etobicoke,1,"55 Forty Second St., Etobicoke Lake Shore Blvd. W & Forty Second St. Monthly rent: Starting from $1945/month Utilities: Heat included, hydro and water extra Parking: $130 per month/indoor OR $100 per ...",1945.0,$
1619543504,https://media.kijiji.ca/api/v1/ca-prod-dealer-ads/images/a1/a12a2a73-abd4-4b76-a384-2db28ea12ca6?rule=kijijica-200-jpg,2 Bedroom on Quiet Residential Street ~ Brand New Renovations!,08/09/2022,East York,2,"5, 7 & 9 Stag Hill Drive (East York) O'Connor Dr. & St. Clair Ave E. Monthly rent: Starting from $2444 Utilities: Heat included, hydro and water extra Parking: $100 per month/outdoor Suite Features: ... Book your virtual showing now! Please call for more details.",2444.0,$
1622256445,https://media.kijiji.ca/api/v1/ca-prod-dealer-ads/images/b1/b1225f9c-1f2e-4fce-8649-c5809ff860a9?rule=kijijica-200-jpg,Mid-Town Yonge and St Clair Upscale 1 Bedroom (Air Condition),08/09/2022,Toronto,1,"1 Bedroom with 650 sqft. starting at $1,949.00! Check out our website! www.commonwealthtowers.ca CALL , TEXT OR EMAIL TODAY TO BOOK A VIEWING! 416-825-8894 rentyph@outlook.com Upscale Rental Living ...",2039.0,$
1610877454,https://media.kijiji.ca/api/v1/ca-prod-dealer-ads/images/97/97531274-435f-4ee9-9646-418555863314?rule=kijijica-200-jpg,"Scarborough 2 Bedroom Apartment for Rent - 3895 Lawrence Avenue,",08/09/2022,Scarborough,2,"Current Promotions View our units by clicking the virtual tour link, schedule a video tour or make an appointment for in person viewing.Virtual Open House: View our units by clicking the virtual tour ...",2279.0,$
1606607669,https://media.kijiji.ca/api/v1/ca-prod-dealer-ads/images/b9/b952ce18-53fc-4464-9174-a4572893dbc7?rule=kijijica-200-jpg,Etobicoke 1 Bedroom Apartment for Rent - 40 Stevenson Road,08/09/2022,Etobicoke,1,"Current Promotions View our units by clicking the virtual tour link, schedule a video tour or make an appointment for in person viewing. (437) 237-8128Virtual Open House: View our units by clicking ...",2149.0,$
1568954894,https://media.kijiji.ca/api/v1/ca-prod-dealer-ads/images/c8/c8ede1b6-ddd7-4d90-a1fd-7ed43276fc68?rule=kijijica-200-jpg,Etobicoke 2 Bedroom Apartment for Rent - 40 Stevenson Road,08/09/2022,Etobicoke,2,"Current Promotions View our units by clicking the virtual tour link, schedule a video tour or make an appointment for in person viewing. (437) 237-8128Virtual Open House: View our units by clicking ...",2449.0,$
1631152679,https://media.kijiji.ca/api/v1/ca-prod-dealer-ads/images/65/65c098a0-d7a5-427a-b9e3-3238b296c815?rule=kijijica-200-jpg,"Bachelor available at 77 Huntley Street, Toronto",08/09/2022,Toronto,Bachelor/Studio,"Visit our Website: https://www.rpmsi.ca/property/huntley-apartments-77-huntley/ Come experience the Huntley Apartments. Featuring balconies and other upgrades, and only steps away from Sherbourne ...",1675.0,$
1505788256,https://media.kijiji.ca/api/v1/ca-prod-dealer-ads/images/27/27924643-a22c-43d3-ac03-4028f3de06ac?rule=kijijica-200-jpg,Downtown 2 Bedroom Apartment for Rent - 201 Sherbourne Street,08/09/2022,Toronto,2,"Current Promotions View our units by clicking the virtual tour link, schedule a video tour or make an appointment for in person viewing. (647) 699-1574Virtual Open House: View our units by clicking ...",2575.0,$
1533904381,https://media.kijiji.ca/api/v1/ca-prod-dealer-ads/images/49/491f8d2f-ec8d-4f96-8734-2ed435902357?rule=kijijica-200-jpg,Downtown 2 Bedrooms Apartment for Rent - 191 Sherbourne Street,08/09/2022,City of Toronto,2,"Current Promotions View our units by clicking the virtual tour link, schedule a video tour or make an appointment for in person viewing.(289) 277 7008Virtual Open House: View our units by clicking ... Beatifully renovated large apartments for rent Dowtown Toronto",2575.0,$
1630927276,https://media.kijiji.ca/api/v1/ca-prod-fsbo-ads/images/9b/9b6a9fbe-e7dc-43dc-8f44-7e7f45308c7c?rule=kijijica-200-jpg,NEW ALL INCLUSIVE BASEMENT FOR RENT IN SCARBOROUGH-,08/09/2022,Toronto,2,"NEW ALL INCLUSIVE BASEMENT FOR RENT IN SCARBOROUGH- New All Inclusive2 Bedroom Basement Apt. With Separate Entrance. Laminate Floors, Pot lights, Large windows, 3 Piece Bath, En-suite Washer and ...",2199.0,$
1632222478,,"For Rent in Trendy 1606-51 East Liberty Village, Toronto",08/09/2022,Toronto,2 + Den,"2 BR, Den, +2 bath",3500.0,$
1617770918,https://media.kijiji.ca/api/v1/ca-prod-dealer-ads/images/ed/ed8de802-dea5-4cff-ab01-d61d5e6f6eba?rule=kijijica-200-jpg,Torbolton TownHouse - 3 Bedroom plus Den Townhouse Townhome for,08/09/2022,City of Toronto,3 + Den,SPECIAL LIMITED TIME OFFER Torbolton Townhouse offers immaculate grounds and convenient access to highway 401.TTC transportation at your doorstep. Torbolton Townhouse is conveniently located property ...,2900.0,$
1628969809,https://media.kijiji.ca/api/v1/ca-prod-dealer-ads/images/43/43eeb60c-34d7-4f86-b5f2-5c8110ae0fac?rule=kijijica-200-jpg,Grange Apartments - 3 bedroom Apartment for Rent,08/09/2022,Toronto,3,"SPECIAL LIMITED TIME OFFER the City, close to the Downtown core. We're a walker's paradise with an awesome Walkscore rating of 98 out of 100! Our units have great features like hardwood and ceramic ... SPACIOUS APARTMENTS CLOSE TO KENSINGTON MARKET",2700.0,$
1628969811,https://media.kijiji.ca/api/v1/ca-prod-dealer-ads/images/76/761f336b-63e2-4b89-8e03-ff8454f28101?rule=kijijica-200-jpg,Grange Apartments - 2 Bedroom Apartment for Rent,08/09/2022,Toronto,2,"SPECIAL LIMITED TIME OFFER the City, close to the Downtown core. We're a walker's paradise with an awesome Walkscore rating of 98 out of 100! Our units have great features like hardwood and ceramic ... SPACIOUS APARTMENTS CLOSE TO KENSINGTON MARKET",2200.0,$
1627088350,https://media.kijiji.ca/api/v1/ca-prod-dealer-ads/images/b9/b9d5ee40-3874-4582-b501-4e3d24d37d14?rule=kijijica-200-jpg,Bansley Apartments - Bachelor Apartment for Rent,08/09/2022,City of Toronto,Bachelor/Studio,"Bansley Apartments offer a clean, quiet and well-maintained rental building, this midtown low-rise offers bachelor and one-bedroom apartments. Midtown is favoured because it offers easy access to the ...",1500.0,$
1632222091,https://media.kijiji.ca/api/v1/ca-prod-fsbo-ads/images/a2/a2827d1c-cece-4ee6-905a-ec3483651652?rule=kijijica-200-jpg,Basement Unit in Scarborough For Rent,08/09/2022,Toronto,2,"Beautiful renovated basement unit available for rent. Two bedrooms, kitchen and bathroom. Owner is also having it furnished. Utilities will be 40%. Internet available at an extra cost. Owner is also ...",2000.0,$
1632221866,https://media.kijiji.ca/api/v1/ca-prod-fsbo-ads/images/7b/7be8ea86-232e-4839-b43a-8a02119b1bb5?rule=kijijica-200-jpg,Sep24/Downtown Toronto Cityplace/ 1br+1den + parking + utilities,08/09/2022,City of Toronto,1 + Den,Sep24/Downtown Toronto Cityplace/ 1br+1den + parking + utilities Downtown Toronto living at cityplace. Please see the virtual tour here. https://youtu.be/9YuLtqRgjMQ,2600.0,$
1632221430,https://media.kijiji.ca/api/v1/ca-prod-fsbo-ads/images/b1/b16902c0-26cc-429c-93b4-d53efe1d01bf?rule=kijijica-200-jpg,One bedroom basement apartment,08/09/2022,Toronto,1,"One bed, one bath spacious apartment",1500.0,$
1632220604,https://media.kijiji.ca/api/v1/ca-prod-fsbo-ads/images/18/1857de3b-d786-4463-9fcb-aebf2f8db06c?rule=kijijica-200-jpg,"Condos, Houses, Townhouses For Rent",08/09/2022,Toronto,2,"Lots of Condos, Houses and Townhouses for rent in Mississauga, Etobicoke, High Park and West Toronto. I can help you to find nice and clean apartments for rent. Don't waste your time any more for ...",,
1609117849,https://media.kijiji.ca/api/v1/ca-prod-dealer-ads/images/a8/a85e2f36-ac65-4f72-843c-82ac0b4f085b?rule=kijijica-200-jpg,AMAZING 2 BDRM APT IN GREAT BUILDING (East York),06/09/2022,City of Toronto,2,"This charming Two Bedroom apartment is beautifully renovated and close to all amenities (i.e. shopping, banks, hospitals, parks, places of worship, schools, etc.). The building now has new laundry ...",1799.0,$
1631706010,https://media.kijiji.ca/api/v1/ca-prod-fsbo-ads/images/7d/7d8e8195-ce7f-417e-b2f4-6f00fe17cf12?rule=kijijica-200-jpg,Large open and airy fully furnished loft in Leslieville.,Yesterday,City of Toronto,1,"Kick back and relax in this calming, stylish space. This space is my home and was designed to bring you peace and clarity. Two story loft with cloud sofa and memory foam king mattress. 500 square ...",5495.0,$
1620782726,https://media.kijiji.ca/api/v1/ca-prod-dealer-ads/images/2c/2ca35d03-78ab-46ff-b9be-8921f6778042?rule=kijijica-200-jpg,North York 2 Bedroom Apartment for Rent,08/09/2022,City of Toronto,2,"Join us for our Open House Every Saturday from 11:00 - 1:00pm To view our property from the comfort of your own home, click the virtual tour link above! Virtual tours are for illustrative purposes ... Enjoy Condo Living Without the Fees",2345.0,$
1625489341,https://media.kijiji.ca/api/v1/ca-prod-dealer-ads/images/16/167f9cc9-9c85-4c5a-aca5-b019d71763b7?rule=kijijica-200-jpg,Buy Condo with Zero Down near Lawrence / Kingston -RENT TO OWN,15/08/2022,City of Toronto,3,"For Sale - BUY THIS CONDO WITH ZERO DOWN OR 5% DOWN PAYMENT PROGRAM Welcome To Very Spacious Apartment With 3 Bedrooms And A Large Living Room. Well Maintained Condo Apartment, Newly Painted & ...",,
1630407999,https://media.kijiji.ca/api/v1/ca-prod-fsbo-ads/images/ee/ee94b69c-b9b9-4b06-85e9-e23467754a19?rule=kijijica-200-jpg,Luxury Two Bedroom Apartment in Bloor West - Swansea,08/09/2022,Toronto,2,"Gorgeous, renovated luxury apartment in prime Swansea location! Stunning kitchen features extra-depth quartz counters, stainless appliances (including dishwasher and built-in venting microwave) and ...",2695.0,$
1629348058,https://media.kijiji.ca/api/v1/ca-prod-fsbo-ads/images/c5/c586b9ff-bf37-47e0-aa5c-656aad1fe088?rule=kijijica-200-jpg,Renovated 2 BR Unit in Prime Junction Area w/ Laundry,08/09/2022,Toronto,2,"Rarely offered 2 br 1 bathroom unit in 3 storey building at High Park Ave and Dundas St W. Absolutely prime junction location close to transit, grocery stores, local shops, cafes, restaurants, bars, ...",2350.0,$
1627845120,https://media.kijiji.ca/api/v1/ca-prod-dealer-ads/images/00/003713bd-f7fe-4e45-a9d1-34e4794373fe?rule=kijijica-200-jpg,1 Bedroom East York (St. Clair & Victoria Park Ave),08/09/2022,East York,1,2892 St. Clair Ave E O'Connor Dr/St. Clair Ave E *Please note that the suite photos in the listing are for illustrative purposes only. Suite finishes may vary by availability and suite type. Monthly ...,1948.0,$
1631276726,https://media.kijiji.ca/api/v1/ca-prod-dealer-ads/images/3b/3b477417-9129-4b92-a153-5610a6539720?rule=kijijica-200-jpg,Fully Renovated 1 Bedroom near HWY 401!,08/09/2022,Toronto,1,"2450 & 2460 Weston Road (Toronto) Weston Rd. & HWY 401 Monthly rent: Starting from $2023/month Utilities: Heat and water included, hydro extra Parking: $125 per month/indoor and outdoor (based on ...",2023.0,$
1620781843,https://media.kijiji.ca/api/v1/ca-prod-dealer-ads/images/d2/d2f0d9a3-a942-41d1-abbe-1d2cd5031cb4?rule=kijijica-200-jpg,Fully Upgraded 3 Bedroom Townhouse - Perfect home for families!,08/09/2022,City of Toronto,3,2029-2055 Victoria Park Avenue Victoria Park Ave. & Ellesmere Rd. Monthly rent: Starting from $3599 Parking: $130 per month/outdoor Suite Features: Thorough cleaning of every suite before move in ...,3599.0,$
1620781959,https://media.kijiji.ca/api/v1/ca-prod-dealer-ads/images/98/9836867d-df03-46cd-9827-58b4e369d306?rule=kijijica-200-jpg,Newly Renovated 2 Bedroom ~ North York ~ Jane and Yorkwoods,08/09/2022,City of Toronto,2,2801 Jane St. Jane St. & Finch Ave W. Rent: Starting from $2345/month Utilities:Heat included Parking: $95 per month/indoor OR $85 per month/outdoor To view our property from the comfort of your own ...,2345.0,$
1535173371,https://media.kijiji.ca/api/v1/ca-prod-dealer-ads/images/0b/0bd674e0-9324-444a-aad2-9807d13f19e8?rule=kijijica-200-jpg,Newly Renovated 1 Bedroom ~ near 401! Spacious units!,08/09/2022,Toronto,1,"2240 Weston Road (Toronto) Weston Rd. & HWY 401 Monthly rent: Starting from $1952/month Utilities: Heat and water included, hydro extra Parking: $115 per month/indoor To view our property from the ...",1952.0,$
1505791905,https://media.kijiji.ca/api/v1/ca-prod-dealer-ads/images/a7/a7200ea3-ff9f-4d45-8871-eeaabe52e60b?rule=kijijica-200-jpg,LARGE Fully Renovated 2 Bedroom near HWY 401!,08/09/2022,Toronto,2,"2450 & 2460 Weston Road (Toronto) Weston Rd. & HWY 401 Monthly rent: Starting from $2343/month Utilities: Heat and water included, hydro extra Parking: $125 per month/indoor and outdoor (based on ...",2343.0,$
1622576198,https://media.kijiji.ca/api/v1/ca-prod-dealer-ads/images/ae/ae78252a-543e-4b99-834a-b6d9dd8adec5?rule=kijijica-200-jpg,Brand New Renovated 1 Bedroom!,08/09/2022,North York,1,"4500 Jane St Rent: Starting from: $1979/month Utilities: Heat included Parking: Outdoor: $100/month, Indoor: $130/month To view our property from the comfort of your own home, click here for a ...",1979.0,$
1628349627,https://media.kijiji.ca/api/v1/ca-prod-dealer-ads/images/58/58e90071-e1dc-4d8f-b196-bc1ca1ae0636?rule=kijijica-200-jpg,Newly Renovated 1 Bedroom (HWY 401 & DVP),08/09/2022,City of Toronto,1,"67 & 70 Parkwoods Village Dr., Toronto Victoria Park Ave. & Parkwoods Village Dr. Monthly rent: Starting from $1926/month Utilities: Heat included, hydro and water extra Parking:$125 per ...",1926.0,$
1626968899,https://media.kijiji.ca/api/v1/ca-prod-dealer-ads/images/9c/9c081ba9-1409-44cf-814d-e1646c30b9ab?rule=kijijica-200-jpg,EAST YORK Reno 1 BR by Broadview,08/09/2022,Toronto,1,"65 Hillside Dr., Toronto Broadview Ave. & OConnor Dr. Monthly rent: Starting from $1960/month Utilities: Heat included, hydro water extra Parking: $103 per month/outdoor To view our property from the ...",1960.0,$
1523036055,https://media.kijiji.ca/api/v1/ca-prod-dealer-ads/images/52/5238ec2b-dfd1-4b9e-80b8-7971298940d1?rule=kijijica-200-jpg,Newly Renovated 1 Bedroom ~ East York/near DVP,08/09/2022,Toronto,1,"71 Thorncliffe Park Drive (East York) Thorncliffe Park Dr. & Overlea Blvd. Monthly rent: Starting from $1973/month Utilities: Heat and water included, hydro extra Parking: $130 per month/indoor or ...",1973.0,$
1623467593,https://media.kijiji.ca/api/v1/ca-prod-dealer-ads/images/ee/ee72898a-08df-4048-9054-ceca74ff2f32?rule=kijijica-200-jpg,"2 BDRM in North York near TTC, Schools & Shopping! (York Mills)",08/09/2022,Toronto,2,"77 Parkwoods Village Dr., Toronto Victoria Park Ave. & Parkwoods Village Dr. Monthly rent: Starting from $2,493/month Utilities: Heat included, hydro and water extra Parking: $125 per month/outdoor ...",2493.0,$
1628292774,https://media.kijiji.ca/api/v1/ca-prod-dealer-ads/images/23/23f7cb6b-1b2c-4f60-906f-f137c009f5f6?rule=kijijica-200-jpg,Renovated 1 Bedroom ~ Low-rise in quiet community!,08/09/2022,East York,1,"338-342 Donlands Avenue (East York) O'Connor Drive & Pape Avenue Monthly rent: Starting from $1870/month Utilities: Heat included, hydro and water extra Parking: $135 per month/outdoor To view our ... Receive One Month Free on a 13 Month Lease!",1870.0,$
1632175952,https://media.kijiji.ca/api/v1/ca-prod-dealer-ads/images/e4/e449992e-cb9f-4d1b-8ef8-502e4358390f?rule=kijijica-200-jpg,Newly Renovated 2 Bedroom ~ minutes away from DVP!,08/09/2022,North York,2,"74 Curlew Drive (North York) Lawrence Ave E. & Victoria Park Ave. Monthly rent: starting from $2,499 Utilities:Heat included, hydro and water extra Parking:$135 per month/indoor or $120 per ...",2499.0,$
1528070191,https://media.kijiji.ca/api/v1/ca-prod-dealer-ads/images/a0/a0fb9abe-4452-4902-87c6-ef1929cf87b1?rule=kijijica-200-jpg,"Brand new renovated 2 bedroom apartment! Near YorkU, TTC",08/09/2022,North York,2,"4500 Jane St. Rent: Starting from $2380/month Utilities: Heat included Parking: Outdoor: $100/month, Indoor: $130/month To view our property from the comfort of your own home, click here for a ...",2380.0,$
1630119355,https://media.kijiji.ca/api/v1/ca-prod-dealer-ads/images/f1/f1838f78-8e00-42c9-96a6-401add87b41c?rule=kijijica-200-jpg,"Large 3 bed available ~ ,close to the DVP",08/09/2022,Toronto,3,"75 Thorncliffe Park Drive (East York) Thorncliffe Park Dr. & Overlea Blvd. Monthly rent: Starting from $2997 Utilities: Heat and water included, hydro extra Parking: $130 per month/indoor or $90 per ...",2997.0,$
1631277619,https://media.kijiji.ca/api/v1/ca-prod-dealer-ads/images/a4/a442ffac-1be0-4ddb-adda-c0acd6d113ff?rule=kijijica-200-jpg,Bachelor in heart of Old East York!,08/09/2022,East York,Bachelor/Studio,2893-2897 St. Clair Ave E O'Connor Dr/St. Clair Ave E *Please note that the suite photos in the listing are for illustrative purposes only. Suite finishes may vary by availability and suite type. ...,1673.0,$
1615005758,https://media.kijiji.ca/api/v1/ca-prod-dealer-ads/images/a4/a4bb6e2d-b537-4c5b-aab4-d381709ef890?rule=kijijica-200-jpg,"Brand New Renovated 1 Bedroom - Walk to GO Train, Lake, Parks!",08/09/2022,Toronto,1,"90, 92 James & 25 Villa Rd. James St. & Forty Second St. Monthly rent: Starting from $2229/month Utilities: Heat included, hydro and water extra Parking: $110/month Suite Features: Thorough cleaning ...",2229.0,$
1594815398,https://media.kijiji.ca/api/v1/ca-prod-dealer-ads/images/08/084b4942-82f1-443c-8367-071f07672257?rule=kijijica-200-jpg,Bachelor with high end finishes ~Close to O’Connor and St. Clair,08/09/2022,East York,Bachelor/Studio,"5, 7 & 9 Stag Hill Drive (East York) O'Connor Dr. & St. Clair Ave E. Monthly rent: Starting from $1760/month Utilities: Heat included, hydro and water extra Parking: $100 per month/outdoor To view ... Book your virtual showing now! Please call for more details.",1760.0,$
1632175738,https://media.kijiji.ca/api/v1/ca-prod-dealer-ads/images/8d/8d3e5c20-6bfa-42c0-b222-c846c66c616c?rule=kijijica-200-jpg,Large 1 Bedroom with luxurious finishes ~ O'Connor & St. Clair!,08/09/2022,East York,1,"5, 7 & 9 Stag Hill Drive (East York) O'Connor Dr. & St. Clair Ave E. Monthly rent: Starting from $1,999 Utilities: Heat and water included, hydro extra Parking: $100 per month/outdoor Suite Features: ... Book your virtual showing now! Please call for more details.",1999.0,$
1632175632,https://media.kijiji.ca/api/v1/ca-prod-dealer-ads/images/43/434d9a11-1a15-4b2a-9e1d-605b476f914d?rule=kijijica-200-jpg,GORGEOUS 1 BEDROOM! Close to the lake + GO Station,08/09/2022,Etobicoke,1,"55 Forty Second St., Etobicoke Lake Shore Blvd. W & Forty Second St. Monthly rent: Starting from $1945/month Utilities: Heat included, hydro and water extra Parking: $130 per month/indoor OR $100 per ...",1945.0,$
1619543504,https://media.kijiji.ca/api/v1/ca-prod-dealer-ads/images/a1/a12a2a73-abd4-4b76-a384-2db28ea12ca6?rule=kijijica-200-jpg,2 Bedroom on Quiet Residential Street ~ Brand New Renovations!,08/09/2022,East York,2,"5, 7 & 9 Stag Hill Drive (East York) O'Connor Dr. & St. Clair Ave E. Monthly rent: Starting from $2444 Utilities: Heat included, hydro and water extra Parking: $100 per month/outdoor Suite Features: ... Book your virtual showing now! Please call for more details.",2444.0,$
1622256445,https://media.kijiji.ca/api/v1/ca-prod-dealer-ads/images/b1/b1225f9c-1f2e-4fce-8649-c5809ff860a9?rule=kijijica-200-jpg,Mid-Town Yonge and St Clair Upscale 1 Bedroom (Air Condition),08/09/2022,Toronto,1,"1 Bedroom with 650 sqft. starting at $1,949.00! Check out our website! www.commonwealthtowers.ca CALL , TEXT OR EMAIL TODAY TO BOOK A VIEWING! 416-825-8894 rentyph@outlook.com Upscale Rental Living ...",2039.0,$
1610877454,https://media.kijiji.ca/api/v1/ca-prod-dealer-ads/images/97/97531274-435f-4ee9-9646-418555863314?rule=kijijica-200-jpg,"Scarborough 2 Bedroom Apartment for Rent - 3895 Lawrence Avenue,",08/09/2022,Scarborough,2,"Current Promotions View our units by clicking the virtual tour link, schedule a video tour or make an appointment for in person viewing.Virtual Open House: View our units by clicking the virtual tour ...",2279.0,$
1606607669,https://media.kijiji.ca/api/v1/ca-prod-dealer-ads/images/b9/b952ce18-53fc-4464-9174-a4572893dbc7?rule=kijijica-200-jpg,Etobicoke 1 Bedroom Apartment for Rent - 40 Stevenson Road,08/09/2022,Etobicoke,1,"Current Promotions View our units by clicking the virtual tour link, schedule a video tour or make an appointment for in person viewing. (437) 237-8128Virtual Open House: View our units by clicking ...",2149.0,$
1568954894,https://media.kijiji.ca/api/v1/ca-prod-dealer-ads/images/c8/c8ede1b6-ddd7-4d90-a1fd-7ed43276fc68?rule=kijijica-200-jpg,Etobicoke 2 Bedroom Apartment for Rent - 40 Stevenson Road,08/09/2022,Etobicoke,2,"Current Promotions View our units by clicking the virtual tour link, schedule a video tour or make an appointment for in person viewing. (437) 237-8128Virtual Open House: View our units by clicking ...",2449.0,$
1631152679,https://media.kijiji.ca/api/v1/ca-prod-dealer-ads/images/65/65c098a0-d7a5-427a-b9e3-3238b296c815?rule=kijijica-200-jpg,"Bachelor available at 77 Huntley Street, Toronto",08/09/2022,Toronto,Bachelor/Studio,"Visit our Website: https://www.rpmsi.ca/property/huntley-apartments-77-huntley/ Come experience the Huntley Apartments. Featuring balconies and other upgrades, and only steps away from Sherbourne ...",1675.0,$
1505788256,https://media.kijiji.ca/api/v1/ca-prod-dealer-ads/images/27/27924643-a22c-43d3-ac03-4028f3de06ac?rule=kijijica-200-jpg,Downtown 2 Bedroom Apartment for Rent - 201 Sherbourne Street,08/09/2022,Toronto,2,"Current Promotions View our units by clicking the virtual tour link, schedule a video tour or make an appointment for in person viewing. (647) 699-1574Virtual Open House: View our units by clicking ...",2575.0,$
1533904381,https://media.kijiji.ca/api/v1/ca-prod-dealer-ads/images/49/491f8d2f-ec8d-4f96-8734-2ed435902357?rule=kijijica-200-jpg,Downtown 2 Bedrooms Apartment for Rent - 191 Sherbourne Street,08/09/2022,City of Toronto,2,"Current Promotions View our units by clicking the virtual tour link, schedule a video tour or make an appointment for in person viewing.(289) 277 7008Virtual Open House: View our units by clicking ... Beatifully renovated large apartments for rent Dowtown Toronto",2575.0,$
1630927276,https://media.kijiji.ca/api/v1/ca-prod-fsbo-ads/images/9b/9b6a9fbe-e7dc-43dc-8f44-7e7f45308c7c?rule=kijijica-200-jpg,NEW ALL INCLUSIVE BASEMENT FOR RENT IN SCARBOROUGH-,08/09/2022,Toronto,2,"NEW ALL INCLUSIVE BASEMENT FOR RENT IN SCARBOROUGH- New All Inclusive2 Bedroom Basement Apt. With Separate Entrance. Laminate Floors, Pot lights, Large windows, 3 Piece Bath, En-suite Washer and ...",2199.0,$
1632222478,,"For Rent in Trendy 1606-51 East Liberty Village, Toronto",08/09/2022,Toronto,2 + Den,"2 BR, Den, +2 bath",3500.0,$
1617770918,https://media.kijiji.ca/api/v1/ca-prod-dealer-ads/images/ed/ed8de802-dea5-4cff-ab01-d61d5e6f6eba?rule=kijijica-200-jpg,Torbolton TownHouse - 3 Bedroom plus Den Townhouse Townhome for,08/09/2022,City of Toronto,3 + Den,SPECIAL LIMITED TIME OFFER Torbolton Townhouse offers immaculate grounds and convenient access to highway 401.TTC transportation at your doorstep. Torbolton Townhouse is conveniently located property ...,2900.0,$
1628969809,https://media.kijiji.ca/api/v1/ca-prod-dealer-ads/images/43/43eeb60c-34d7-4f86-b5f2-5c8110ae0fac?rule=kijijica-200-jpg,Grange Apartments - 3 bedroom Apartment for Rent,08/09/2022,Toronto,3,"SPECIAL LIMITED TIME OFFER the City, close to the Downtown core. We're a walker's paradise with an awesome Walkscore rating of 98 out of 100! Our units have great features like hardwood and ceramic ... SPACIOUS APARTMENTS CLOSE TO KENSINGTON MARKET",2700.0,$
1628969811,https://media.kijiji.ca/api/v1/ca-prod-dealer-ads/images/76/761f336b-63e2-4b89-8e03-ff8454f28101?rule=kijijica-200-jpg,Grange Apartments - 2 Bedroom Apartment for Rent,08/09/2022,Toronto,2,"SPECIAL LIMITED TIME OFFER the City, close to the Downtown core. We're a walker's paradise with an awesome Walkscore rating of 98 out of 100! Our units have great features like hardwood and ceramic ... SPACIOUS APARTMENTS CLOSE TO KENSINGTON MARKET",2200.0,$
1627088350,https://media.kijiji.ca/api/v1/ca-prod-dealer-ads/images/b9/b9d5ee40-3874-4582-b501-4e3d24d37d14?rule=kijijica-200-jpg,Bansley Apartments - Bachelor Apartment for Rent,08/09/2022,City of Toronto,Bachelor/Studio,"Bansley Apartments offer a clean, quiet and well-maintained rental building, this midtown low-rise offers bachelor and one-bedroom apartments. Midtown is favoured because it offers easy access to the ...",1500.0,$
1632222091,https://media.kijiji.ca/api/v1/ca-prod-fsbo-ads/images/a2/a2827d1c-cece-4ee6-905a-ec3483651652?rule=kijijica-200-jpg,Basement Unit in Scarborough For Rent,08/09/2022,Toronto,2,"Beautiful renovated basement unit available for rent. Two bedrooms, kitchen and bathroom. Owner is also having it furnished. Utilities will be 40%. Internet available at an extra cost. Owner is also ...",2000.0,$
1632221866,https://media.kijiji.ca/api/v1/ca-prod-fsbo-ads/images/7b/7be8ea86-232e-4839-b43a-8a02119b1bb5?rule=kijijica-200-jpg,Sep24/Downtown Toronto Cityplace/ 1br+1den + parking + utilities,08/09/2022,City of Toronto,1 + Den,Sep24/Downtown Toronto Cityplace/ 1br+1den + parking + utilities Downtown Toronto living at cityplace. Please see the virtual tour here. https://youtu.be/9YuLtqRgjMQ,2600.0,$
1632221430,https://media.kijiji.ca/api/v1/ca-prod-fsbo-ads/images/b1/b16902c0-26cc-429c-93b4-d53efe1d01bf?rule=kijijica-200-jpg,One bedroom basement apartment,08/09/2022,Toronto,1,"One bed, one bath spacious apartment",1500.0,$
1632220604,https://media.kijiji.ca/api/v1/ca-prod-fsbo-ads/images/18/1857de3b-d786-4463-9fcb-aebf2f8db06c?rule=kijijica-200-jpg,"Condos, Houses, Townhouses For Rent",08/09/2022,Toronto,2,"Lots of Condos, Houses and Townhouses for rent in Mississauga, Etobicoke, High Park and West Toronto. I can help you to find nice and clean apartments for rent. Don't waste your time any more for ...",,
1632219637,https://media.kijiji.ca/api/v1/ca-prod-fsbo-ads/images/b1/b12256ac-d25c-4999-9d82-2544f5bbb2e0?rule=kijijica-200-jpg,"NOV 1st: 1 BED, 1 DEN JUNCTION TRIANGLE!!",08/09/2022,Toronto,1 + Den,"Welcome to the Junction Triangle. Bright, one bdrm plus open concept den. Large windows for plenty of natural light. Kitchen offers stylish backsplash and SS appliances. Sit down and relax on your ...",2025.0,$
1631227806,https://media.kijiji.ca/api/v1/ca-prod-fsbo-ads/images/a8/a8715f6b-6251-432d-b1ff-cbdb97742ef0?rule=kijijica-200-jpg,Brand New Condo for Rent,31/08/2022,City of Toronto,1 + Den,"1+1 New Condo on Keele and Eglinton (Toronto), never lived in, asking for $2200 plus utilities, with close proximity to York University.",,
1623228876,https://media.kijiji.ca/api/v1/ca-prod-dealer-ads/images/d7/d776f350-ecca-4809-9404-930ed829e31e?rule=kijijica-200-jpg,Davisville  Village - Spacious Three Bedroom Townhome,08/09/2022,City of Toronto,3,"Exceptional 3 bedroom, 2.5-bathroom executive townhome available for rent conveniently located at Yonge and Balliol Street, close to the scenic Beltline walking trial, walking distance to both ...",4600.0,$
1623036035,https://media.kijiji.ca/api/v1/ca-prod-dealer-ads/images/4a/4aaa5284-68eb-49a1-87c0-da9b2c2b2484?rule=kijijica-200-jpg,1 Bedroom  for Rent in Midtown Toronto's Leaside Neighourhood!,25/08/2022,City of Toronto,1,"Touch free leasing: Virtual viewings via video conferencing and online leasing available. Book yours today. Our Rental Office remains operational in light of COVID-19. The health and safety of you, ... Proudly Managed by Realstar Management! Kelvingrove Apartments Offers Fully Renovated bachelor, 1, 2 and Coach House Apartments! Book Your Viewing Today!!",1975.0,$
1632115603,https://media.kijiji.ca/api/v1/ca-prod-fsbo-ads/images/47/47b3e3d3-78c7-4b5b-b7d6-64ce08390c4b?rule=kijijica-200-jpg,3 Bedroom Townhouse for Rent - All Utilities Included! Pool/Gym,08/09/2022,City of Toronto,3,"2 floor - 3 bedroom, 2 washroom townhouse in a condominium building. Building has pool, gym and sauna. Close to Seneca College Newnham Campus, DVP & Arbor Glen Public School. Available immediately. ...",3200.0,$
1631153130,https://media.kijiji.ca/api/v1/ca-prod-dealer-ads/images/4f/4f8bdbb3-ecd2-48ac-a47d-6d3a7cc1eadc?rule=kijijica-200-jpg,2 Bedroom Suite | Newly Renovated| FMR FREE Call Today!,31/08/2022,City of Toronto,2,"Beautiful, and newly renovated Bachelor, one and two bedroom suites available now! Do not miss out on calling 50 Driftwood your home, Ruby Heights, located in the North York district of Toronto, has ... Incredible Incentives, Virtual Tours &amp; Incredible Suites! Call Today!",2269.0,$
1632219637,https://media.kijiji.ca/api/v1/ca-prod-fsbo-ads/images/b1/b12256ac-d25c-4999-9d82-2544f5bbb2e0?rule=kijijica-200-jpg,"NOV 1st: 1 BED, 1 DEN JUNCTION TRIANGLE!!",08/09/2022,Toronto,1 + Den,"Welcome to the Junction Triangle. Bright, one bdrm plus open concept den. Large windows for plenty of natural light. Kitchen offers stylish backsplash and SS appliances. Sit down and relax on your ...",2025.0,$
1632219515,https://media.kijiji.ca/api/v1/ca-prod-fsbo-ads/images/52/5212414e-2a97-43c1-bca1-4cd1310e5ea8?rule=kijijica-200-jpg,"2 Bedroom Apartment for rent. Available, Dec 1st, 2022.",08/09/2022,Toronto,2,"Available Dec 01, 2022. 118 Lindsey Avenue is a property located in Toronto, in the neighborhood of Brockton Village, in the sub-locality of Old Toronto. 800 square Feet, Large two bedroom unit with ...",2500.0,$
1632219403,https://media.kijiji.ca/api/v1/ca-prod-fsbo-ads/images/cf/cf9a0116-71c2-47d7-844b-da0aa4bd8107?rule=kijijica-200-jpg,full house( 1 bd unit 1st floor and 3 bd unit 2nd floor) N. York,08/09/2022,Toronto,4,Beautiful spacious renovated semi house with 2 separate unit ( sharing or not sharing entrance foyer). 1st floor 1 bed unit has around 550 sqf can have separate entrance from backyard. Big dinning ...,3650.0,$
1632219056,https://media.kijiji.ca/api/v1/ca-prod-fsbo-ads/images/03/034ad10c-69a6-4f94-bc36-71a1bac490e2?rule=kijijica-200-jpg,Unit 2 - 1015 Dupont St,08/09/2022,Toronto,1,"Nice & Quiet 1 Bedroom Apartment near Ossington Subway station. Open concept Living - Dining - Kitchen Hardwood floor, Ample storage, Big closet. Ground Floor level, semi-private entrance. ADDRESS: ...",1880.0,$
1505831086,https://media.kijiji.ca/api/v1/ca-prod-dealer-ads/images/72/7296f42f-22fc-4d0e-a49f-cd8c57a7e399?rule=kijijica-200-jpg,NEW PRICE!! 1bd fully RENOVATED suite $1625,08/09/2022,City of Toronto,1,Apartment for Rent in Toronto managed by Q Residential Key Property Details Newly renovated property and suites with high end finishes and art deco details! Onsite Laundry & Parking! Close to ...,1695.0,$
1505792263,https://media.kijiji.ca/api/v1/ca-prod-dealer-ads/images/ed/ed213a9c-f346-4a34-bd59-08ba23f5f490?rule=kijijica-200-jpg,Amazing Suite available!!! 2 BD,08/09/2022,City of Toronto,2,"Welcome to Kipling Heights, a friendly west-end location, establihsed in an up and coming neighbourhood that makes it easy to settle in and get comfortable. A great destinaiton for family living with ... Kipling Heights",,
1627966389,https://media.kijiji.ca/api/v1/ca-prod-dealer-ads/images/eb/eba7cca7-fd26-4b86-b85c-87eeb3808714?rule=kijijica-200-jpg,Scarborough 2 Bedroom Apartment for Rent - 4 Treewood Street,08/09/2022,City of Toronto,2,"Current Promotions View our units by clicking the virtual tour link, schedule a video tour or make an appointment for in person viewing.Virtual Open House: View our units by clicking the virtual tour ...",2353.0,$
1628387941,https://media.kijiji.ca/api/v1/ca-prod-fsbo-ads/images/a9/a9e5d1a5-50e7-4b06-aee9-3a0c4d821dc1?rule=kijijica-200-jpg,Entire Home for Nov 1st (still available if you see this ad),08/09/2022,Toronto,4,"Available for November 1st. This house comes FULLY FURNISHED, and we recently renovated this lovely single family home! It has a brand new kitchen, two washrooms, a fantastic open concept basement, ...",4375.0,$
1632218407,https://media.kijiji.ca/api/v1/ca-prod-fsbo-ads/images/18/187a4585-a1bd-402d-9f9b-f3ec6093ea2e?rule=kijijica-200-jpg,Stunning BRAND NEW unit in beautiful Mimico,08/09/2022,Toronto,1 + Den,Rise Like A Pheonix In This Brand Spanking New Luxury Condo With All Of The Bells And Whistles. Get Out In The Sunshine To Humber Bay Park To Attend The Farmer's Market Or Commune With Nature In Your ...,2600.0,$
1505840471,https://media.kijiji.ca/api/v1/ca-prod-dealer-ads/images/c7/c72c8054-4bed-4789-bd2f-e5cd96a6e70d?rule=kijijica-200-jpg,"Morningside and Lawrence: 280 Morningside Avenue , 2BR",08/09/2022,City of Toronto,2,"Apartment for Rent in Toronto managed by Q Residential Key Property Details Bright, Spacious, Open-concept Suites! New Appliances, Large Balconies, & Onsite Laundry! Close to Public Transit, Schools, ...",1925.0,$
1628381495,https://media.kijiji.ca/api/v1/ca-prod-dealer-ads/images/0c/0c58b3e2-e32b-4ddc-95a6-74c46a61d33a?rule=kijijica-200-jpg,NEW! Spacious & New Apartments for Lease! | Tyndall Avenue,08/09/2022,Toronto,2 + Den,"- All apartments are spacious and newly renovated - New appliances included inside the unit (fridge, washing machine, oven/stove) - Includes 1 parking space for each apartment - Rent does not include ...",3500.0,$
1631353041,https://media.kijiji.ca/api/v1/ca-prod-fsbo-ads/images/c6/c635f80a-d169-4b1e-ba49-0f4697f95f9b?rule=kijijica-200-jpg,"RENTAL Condo - 1 Bedroom + Den, 1.5 Bathroom in North York",08/09/2022,Toronto,1 + Den,"Welcome To This Luxurious Condo Located In The Heart Of The Shops At Don Mills. 1 Minute Walk To Parks, Trails, Restaurants, Banks, Grocery Stores, LCBO, Retail Shops, & Nail Salons. This Home Comes ...",2350.0,$
1632216861,https://media.kijiji.ca/api/v1/ca-prod-fsbo-ads/images/f8/f84734d1-6839-485d-bb15-fa8a6c31a789?rule=kijijica-200-jpg,Don Mills/Sheppard - Emerald City - 1 + Den available for lease,08/09/2022,Toronto,1 + Den,Excellent Location - steps from Don Mills subway station. Modern 1 Bedroom + Den With Large Balcony. Den has a Sliding door and could be used as a junior bedroom. Spacious And Bright With 9' Ceiling! ...,2400.0,$
1632216714,https://media.kijiji.ca/api/v1/ca-prod-fsbo-ads/images/5c/5c0e8826-6cd4-447e-9316-d4e5b7e22fda?rule=kijijica-200-jpg,1st Floor for Rent,08/09/2022,Toronto,1,"Hello, I am renting my First Floor for $1200(very negotiable for price), the first floor kitchen and washroom are shared, and each person is allocated 1 bedroom, one of the bedroom's is taken and I ...",1200.0,$
1630961008,https://media.kijiji.ca/api/v1/ca-prod-dealer-ads/images/2e/2ef9e653-2788-4f47-90bb-157d5031bc6e?rule=kijijica-200-jpg,2 BED | 1 BATH - UPPER LEVEL UNIT FOR RENT - EAST YORK,08/09/2022,East York,2,"2 Bedrooms | 1 Bathroom, Upgraded Kitchen, Stainless Steel Appliances, Dishwasher, Microwave, Stone Countertops, Hardwood Floors. OPEN 24/7 - HAVE QUESTIONS? CALL US ANY TIME: 905-385-8150 Note: The ... 82 Halsey Avenue, East York, Ontario M4B 1A9 Close to Kingston Road, Dawes Road at Donora Drive South Side Bus Stop, George Webster Elementary School, Taylor Creek Park, Eglinton Square Shopping Centre, Golden Mile Plaza, Shoppers World Danforth, Ont",2095.0,$
1632216339,https://media.kijiji.ca/api/v1/ca-prod-fsbo-ads/images/89/89199b90-693b-4f6e-93df-3940910e2e98?rule=kijijica-200-jpg,1 Bedroom Condo w/Locker for Rent (Yonge and Gerad),08/09/2022,Toronto,1,"*Luxurious Aura Condo Located In The Heart Of Downtown Toronto, Full CN Tower View,*Sunny Spacious 1 Bedroom Suite Plus Locker, Large Balcony) on 28th floor, With Unobstructed Panoramic Breath-Taking ...",2580.0,$
1529878252,https://media.kijiji.ca/api/v1/ca-prod-dealer-ads/images/50/507fd400-b490-44d6-bcd4-25ddf3694515?rule=kijijica-200-jpg,LARGE Renovated 1 Bedroom ~ In The Beaches!,08/09/2022,City of Toronto,1,"2402-2406 Queen St East,Scarborough (The Beaches) Queen St. E & Victoria Park Ave. Monthly rent: Starting from $1822/month Utilities: Heat and water included, hydro extra Parking: $118 per month Join ...",1822.0,$
1550311090,https://media.kijiji.ca/api/v1/ca-prod-dealer-ads/images/a5/a57dae77-0a43-4e24-b1dd-f9472947d920?rule=kijijica-200-jpg,Renovated 1 Bedroom  ~ near DVP!,08/09/2022,City of Toronto,1,"74 Curlew Drive (North York) Lawrence Ave E. & Victoria Park Ave. Monthly rent: Starting from $1999/month Utilities: Heat included, hydro and water extra Parking: $135 per month/indoor or $120 per ...",2080.0,$
1603402397,https://media.kijiji.ca/api/v1/ca-prod-dealer-ads/images/d5/d521fecf-9c2c-48ce-98e4-681636500033?rule=kijijica-200-jpg,Warden & St Clair 1 bedroom reno suites - Pet Friendly!,08/09/2022,Scarborough,1,"50 Burnhill Rd., Scarborough Burnhill Rd. & Warden Ave. Monthly rent: Starting from $1936/month Utilities: Heat included, water and hydro extra Parking: $145 per month/indoor OR $110 per ...",1936.0,$
1631276496,https://media.kijiji.ca/api/v1/ca-prod-dealer-ads/images/df/df19201e-1f20-4342-b4e4-cbdd124141d4?rule=kijijica-200-jpg,Large Bachelor at Warden Station - $500GC promo available,08/09/2022,Scarborough,Bachelor/Studio,"50 Burnhill Rd., Scarborough Burnhill Rd. & Warden Ave. Monthly rent: Starting from $1710/month Utilities: Heat included, water and hydro extra Parking: $145 per month/indoor OR $110 per ...",1710.0,$
1505795501,https://media.kijiji.ca/api/v1/ca-prod-dealer-ads/images/42/42935823-a53f-4a1d-834f-7d201c495634?rule=kijijica-200-jpg,"NEW RENOS, LARGE 1 Bed (North York) Near Hwy 400/401",08/09/2022,Toronto,1,2801 Jane St. Jane St. & Finch Ave. W Rent: Starting from $1940/month Utilities: Heat included Parking: $95 per month/indoor OR $85 per month/outdoor Suite Features: Spacious layouts Thorough ...,1940.0,$
1624185682,https://media.kijiji.ca/api/v1/ca-prod-dealer-ads/images/92/926d5cc1-5dba-4918-847e-17f04e3b3d52?rule=kijijica-200-jpg,Luxury Bachelor ~~ Mid-Rise Building in The Beaches!,08/09/2022,Toronto,Bachelor/Studio,"1150 & 1200 Kingston Rd., The Beaches Victoria Park Ave. & Kingston Rd. Monthly rent: Starting from $1794/month Utilities: Heat included, hydro and water extra Parking: $120 per month/indoor To view ...",1794.0,$
1505826479,https://media.kijiji.ca/api/v1/ca-prod-dealer-ads/images/13/13f2e64f-747f-407c-ba30-95b24d2a1690?rule=kijijica-200-jpg,Renovated 1 bedroom in The Beaches ~~ Open House Saturdays!,08/09/2022,Toronto,1,"3000, 3015 & 3017 Queen St. E., Scarborough (The Beaches) Queen St. E & Victoria Park Ave. Monthly rent: Starting from $1849/month Utilities: Heat and water included, hydro extra Parking: $130 per ...",1849.0,$
1505787717,https://media.kijiji.ca/api/v1/ca-prod-dealer-ads/images/b3/b3dbf774-46b1-41db-b451-66229357e99e?rule=kijijica-200-jpg,Live in The Beaches ~ Renovated Bachelor,08/09/2022,Toronto,Bachelor/Studio,"2367 Queen St East,Scarborough (The Beaches) Queen St. E & Victoria Park Ave Monthly rent: Starting from $1750/month Utilities: Heat included, hydro and water extra Suite Features: Thorough cleaning ...",1750.0,$
1505826459,https://media.kijiji.ca/api/v1/ca-prod-dealer-ads/images/5a/5affe9a2-5de6-4c18-8613-9a23b0ffabfb?rule=kijijica-200-jpg,SPACIOUS 2 Bedroom in The Beaches ~~ Open House Saturdays!,08/09/2022,Toronto,2,"3000, 3015 & 3017 Queen St. E., Scarborough (The Beaches) Queen St. E & Victoria Park Ave. Monthly rent: Starting from $2433/month Utilities: Heat and water included, hydro extra Parking: $130 per ...",2433.0,$
1505826705,https://media.kijiji.ca/api/v1/ca-prod-dealer-ads/images/28/2808a0a8-fd71-4869-8fb5-0941c34efd65?rule=kijijica-200-jpg,"Gorgeous 1 Bedroom in The Beaches! Pet Friendly, quiet mid-rise!",08/09/2022,Toronto,1,"1150 & 1200 Kingston Rd., The Beaches Victoria Park Ave. & Kingston Rd. Monthly rent: Starting from $1825/month Utilities: Heat included, hydro and water extra Parking: $120 per month/indoor To view ...",1825.0,$
1505826612,https://media.kijiji.ca/api/v1/ca-prod-dealer-ads/images/21/21825f80-2f7d-4b2e-8641-863c5d28d6df?rule=kijijica-200-jpg,Renovated 1 Bedroom!  4 Appliances & Balcony! Upper Beaches,08/09/2022,Scarborough,1,"1080 Kingston Rd., The Beaches Victoria Park Ave. & Kingston Rd. Monthly rent: Starting from $1725/month Utilities: Heat included, hydro and water extra Parking: $127 per month/indoor and $100 per ...",1725.0,$
1570722466,https://media.kijiji.ca/api/v1/ca-prod-dealer-ads/images/f3/f3534288-0192-4c57-991b-ad49966d67e5?rule=kijijica-200-jpg,"BRAND NEW 2 Bedroom, 4 Appliances, Lots of storage! Pet Friendly",08/09/2022,Scarborough,2,"1080 Kingston Rd., The Beaches Victoria Park Ave. & Kingston Rd. Monthly rent: Starting from $2,299 Utilities: Heat included, hydro and water extra Parking: $127 per month/indoor and $100 per ...",2299.0,$
1547009615,https://media.kijiji.ca/api/v1/ca-prod-dealer-ads/images/75/75b2f3fe-ade5-4c3d-a3a0-44a06999660a?rule=kijijica-200-jpg,Upscale Large 1 Bedroom Suite Yonge and St Clair-Air Conditioned,08/09/2022,Toronto,1,"Prime Yonge & St. Clair Address! Check Out Our Website! www.commonwealthtowers.ca CALL , TEXT OR EMAIL TODAY TO BOOK A VIEWING! 416-825-8894 rentyph@outlook.com Upscale Rental Living at The ...",2199.0,$
1632214800,https://media.kijiji.ca/api/v1/ca-prod-fsbo-ads/images/7d/7dc154b6-4e0c-4b9c-98a0-5a4f2145f747?rule=kijijica-200-jpg,"Two large&bright bedroom Condo , All included, 1 parking!",08/09/2022,Toronto,2,"located at 75 Bamburgh Cir M1W 3W1 Warden/ Steeles E. Two large and bright bedroom with a nice view! water, hydro and heat included Available on Oct 1 1 parking 5 min walk to Foody supermarket, bus ...",2900.0,$
1631151000,https://media.kijiji.ca/api/v1/ca-prod-dealer-ads/images/33/3306e094-f66a-48c7-9f75-e26f9a71a4ef?rule=kijijica-200-jpg,NEW |  Renovated 1 Bedroom Apartment | Call Today!,08/09/2022,Toronto,1,"Hurry! Limited Time offer. Move-in on or before October 1st and get 1-month free rent for October on Select suites Hurry! Limited Time offer. Move-in on or before October 1st and get 1-month free ... Incentives, Virtual Tours &amp; Incredible Suites! Call Today.",2239.0,$
1631150891,https://media.kijiji.ca/api/v1/ca-prod-dealer-ads/images/d9/d9d56fc9-6a5f-47fc-bd74-e5afcfbd9a65?rule=kijijica-200-jpg,"PROMO! 1 Bedroom Apartment - | SAVE $3,200 - 7,000 Call now",08/09/2022,Toronto,1,"Hurry! Limited Time offer. Move-in on or before October 1st and get 1-month free rent for October on Select suites Hurry! Limited Time offer. Move-in on or before October 1st and get 1-month free ... FLASH SALE | Incredible Incentives, Virtual Tours &amp; Incredible Suites! Call Today!",1979.0,$
1631150870,https://media.kijiji.ca/api/v1/ca-prod-dealer-ads/images/e2/e2dfc515-5306-4f37-a9c5-67e9114d9a11?rule=kijijica-200-jpg,PROMOTION  | Bachelor Suite - Newly Renovated | Call today!,08/09/2022,Toronto,Bachelor/Studio,"Hurry! Limited Time offer. Move-in on or before October 1st and get 1-month free rent for October on Select suites Hurry! Limited Time offer. Move-in on or before October 1st and get 1-month free ... Incentives, Virtual Tours &amp; Incredible Suites! Call Today.",2009.0,$
1632214695,https://media.kijiji.ca/api/v1/ca-prod-fsbo-ads/images/83/83007691-07ec-47b8-aed9-94538d49696f?rule=kijijica-200-jpg,2 Bed 2 Bath Yorkville/Annex w/ locker and parking,08/09/2022,Toronto,2,"LOCATION, LOCATION, LOCATION! 25th Floor, 2 bedroom 2 bath, over 700 square foot unit with balcony, parking space and locker. Bright, luxurious and modern unit with floor to ceiling windows and ...",3200.0,$
1631153131,https://media.kijiji.ca/api/v1/ca-prod-dealer-ads/images/ec/ecdd5390-86fe-440b-8362-3600dbe87def?rule=kijijica-200-jpg,"0 Bedroom, 1 Bathroom Apartment for Rent - 470 Roncesvalles",08/09/2022,Toronto,Bachelor/Studio,Hurry! Limited Time offer. Move-in on or before October 1st and get 1-month free rent for October on Select suites Hurry! Limited Time offer. Move-in on or before October 1st and get 1-month free ...,1619.0,$
1631151164,https://media.kijiji.ca/api/v1/ca-prod-dealer-ads/images/b2/b2b8ed01-0c6d-4f7f-b74b-665d4a48c949?rule=kijijica-200-jpg,1 Bedroom - Upper Beaches! Spacious Upgraded Suites! Call now!,08/09/2022,Toronto,1,"Hurry! Limited Time offer. Move-in on or before October 1st and get 1-month free rent for October on Select suites Hurry! Limited Time offer. Move-in on or before October 1st and get 1-month free ... FLASH SALE | Incredible Incentives, Virtual Tours &amp; Incredible Suites! Call Today!",2099.0,$
1631151146,https://media.kijiji.ca/api/v1/ca-prod-dealer-ads/images/20/20436cf5-cc3a-4274-9d2f-e18f3f344651?rule=kijijica-200-jpg,"PROMO! SAVE $2,400  Large 2 Bedroom+Den - Yonge/Wellesley - Call",08/09/2022,Toronto,2,"Incredible bachelor,1 and 2 bedroom apartments are available for rent now! Do not miss out on boutique living in the city! Live in the beating heart of the city, tucked away from the hustle and ... Incredible Incentives, Virtual Tours &amp; Incredible Suites! Call Today!",2539.0,$
1632028208,https://media.kijiji.ca/api/v1/ca-prod-fsbo-ads/images/7a/7a231a58-dfcc-4dc6-aaa9-680eab7974cb?rule=kijijica-200-jpg,Brand New Two Bedroom Condo,08/09/2022,Toronto,2,"Yonge and Eglinton. Brand New. Two-Bedroom Condo for rent. Never been lived in, spacious corner condo at Yonge and Eglinton (Roehampton Avenue) available October 1. Move in now and get the month of ...",3100.0,$
1632214261,https://media.kijiji.ca/api/v1/ca-prod-fsbo-ads/images/05/0575479f-e7d6-426a-97f9-865bf95ec9f7?rule=kijijica-200-jpg,2 Bedroom condo rental - Yonge and Sheppard Direct Subway Access,08/09/2022,Toronto,1 + Den,"Luxury 1 + 1 (Den Can Be Used As 2nd Bedroom) Condo. Underground access to Subway line 1. 1 Parking Included. App Requirement: No pet, non-smoker, first and last, proof of income, credit check and ...",2500.0,$
1632214172,https://media.kijiji.ca/api/v1/ca-prod-fsbo-ads/images/89/89887b2a-c87b-4ded-a870-8b3742c4e495?rule=kijijica-200-jpg,Scarborough Basement For Rent Near Kennedy Station ~,08/09/2022,Toronto,2,Full basement near Kennedy Station available for rent in Scarborough. - Tenant pays 30% of utilities - Low ceiling (5'5 in some spots) - Appliances included - AC and heating - Can provide 3 ...,1400.0,$
1631154418,https://media.kijiji.ca/api/v1/ca-prod-dealer-ads/images/02/02dd47ba-32b3-4416-baf7-4fa2d1686fa1?rule=kijijica-200-jpg,One Bedroom Suite  | Niagara West for Rent,Yesterday,City of Toronto,1,"Utilities Included Sewage Garbage Collection Building Features Elevators Fitness room Public transit Shopping nearby Parks nearby Schools nearby Near Clinics or Hospitals 24 Hour Concierge Service ... Luxury, Pet Friendly Apartments in King West Toronto!",2409.0,$
1625244407,https://media.kijiji.ca/api/v1/ca-prod-dealer-ads/images/23/23ffbdbc-8799-4908-bbd9-7e731e733937?rule=kijijica-200-jpg,Beautiful Bachelor Apartment Available Downtown Toronto!,13/08/2022,City of Toronto,Bachelor/Studio,This building has a truly spectacular view! Large balconies with stunning views of the Toronto skyline. Perfect for entertaining. Most units have stainless steel appliances incl. over the range ... 2 storey one bedroom 2 large balconies stunning views of the Toronto TTC Transit close by newly constructed Perfect for entertaining All new stainless steel appliances incl. over the range dishwasher Stunning open riser staircase hardwood Downtown,1550.0,$
1624808036,https://media.kijiji.ca/api/v1/ca-prod-fsbo-ads/images/a5/a5cd4da8-66f9-412b-bfb1-aeecd31abba6?rule=kijijica-200-jpg,2 BED 1 BATH FOR RENT,05/09/2022,City of Toronto,2,SEPARATE ENTRANCE,2500.0,$
1631516773,https://media.kijiji.ca/api/v1/ca-prod-dealer-ads/images/7b/7b8aedbf-d31f-4060-a454-39c3bd4295e9?rule=kijijica-200-jpg,2 BEDROOM  NOVEMBER 202 THE WEST MALL,03/09/2022,City of Toronto,2,"Large 2 Bedroom Apartment Available November at the best part of the West Mall. Clean, Well Maintained Building. Parking, Gas, Water, Storage Included, Hydro Extra",2450.0,$
1631153130,https://media.kijiji.ca/api/v1/ca-prod-dealer-ads/images/4f/4f8bdbb3-ecd2-48ac-a47d-6d3a7cc1eadc?rule=kijijica-200-jpg,2 Bedroom Suite | Newly Renovated| FMR FREE Call Today!,31/08/2022,City of Toronto,2,"Beautiful, and newly renovated Bachelor, one and two bedroom suites available now! Do not miss out on calling 50 Driftwood your home, Ruby Heights, located in the North York district of Toronto, has ... Incredible Incentives, Virtual Tours &amp; Incredible Suites! Call Today!",2269.0,$
1632214108,https://media.kijiji.ca/api/v1/ca-prod-fsbo-ads/images/cc/cc439b45-799d-4919-9e30-2baed63bdbd0?rule=kijijica-200-jpg,Basement apartment,08/09/2022,Toronto,2,"Basement In High Desirable Community In Markham. Separate Enterance Ideal for a single individual or couple that are Working professionals 2 Bedrooms ,1 Washroom , Excellent Location For Transit ...",1700.0,$
1631223419,https://media.kijiji.ca/api/v1/ca-prod-dealer-ads/images/54/5445449f-e14c-4187-9d64-c30aa3a45f8f?rule=kijijica-200-jpg,2 Bedroom Apartments for Rent on Jackes Avenue,08/09/2022,Toronto,2,Join Us for Our In-person Open House Every Wednesday and Friday from 4pm to 6pm By appointment only. Call Now to Reserve Your Spot! The Summerhilll at 7 Jackes Avenue is an amazing luxury residence ... Ask About our Rental Incentive!,3384.0,$
1631223390,https://media.kijiji.ca/api/v1/ca-prod-dealer-ads/images/60/6066cf10-7cfd-466f-a3aa-32927ef332c4?rule=kijijica-200-jpg,3 Bedroom  Pent House Apartment for Rent on Jackes Avenue,08/09/2022,Toronto,3,Join Us for Our In-person Open House Every Wednesday and Friday from 4pm to 6pm By appointment only. Call Now to Reserve Your Spot! The Summerhilll at 7 Jackes Avenue is an amazing luxury residence ... Ask About our Rental Incentive!,8995.0,$
1631223372,https://media.kijiji.ca/api/v1/ca-prod-dealer-ads/images/02/02d7065f-7b8d-4139-8da7-2ae66fce2b8d?rule=kijijica-200-jpg,1 Bedroom Apartments for Rent on Jackes Avenue,08/09/2022,Toronto,1,Join Us for Our In-person Open House Every Wednesday and Friday from 4pm to 6pm By appointment only. Call Now to Reserve Your Spot! The Summerhilll at 7 Jackes Avenue is an amazing luxury residence ... Ask About our Rental Incentive!,2550.0,$
1631223376,https://media.kijiji.ca/api/v1/ca-prod-dealer-ads/images/a0/a09352ae-b20e-4c82-8b05-9629a54bdd00?rule=kijijica-200-jpg,Jr 1 Bedroom Apartments for Rent on Jackes Avenue,08/09/2022,Toronto,1,Join Us for Our In-person Open House Every Wednesday and Friday from 4pm to 6pm By appointment only. Call Now to Reserve Your Spot! The Summerhilll at 7 Jackes Avenue is an amazing luxury residence ... Ask About our Rental Incentive!,2050.0,$
1632213854,https://media.kijiji.ca/api/v1/ca-prod-fsbo-ads/images/5a/5a5b5706-2156-4e5d-aa76-3d0da14abb25?rule=kijijica-200-jpg,High level yonge and sheppard 1 bedroom condo rental,08/09/2022,Toronto,1,"Luxury 1 bedroom high floor unit. 9' ceiling. Conveniently located just steps from Sheppard and Yonge. S/S Appliances. 1 Parking spot and 1 locker. App Requirement: No pet, non-smoker, first and ...",2300.0,$
1624113950,https://media.kijiji.ca/api/v1/ca-prod-dealer-ads/images/25/25a94245-15e5-4d77-97a5-e0d0ec2401da?rule=kijijica-200-jpg,1 Bedroom Apartments for Rent on Bathurst Street,08/09/2022,City of Toronto,1,"Join Us for Our In-person Open House Every Tuesday, from 4 pm - 6 pm. Call Now to Reserve Your Spot! With easy access to Hwy 401, these Bachelor, 1, and 2 Bedroom apartment rentals offer great access ... Join Us for Our In-person Open House Every Tuesday, from 4 pm - 6 pm. Call Now to Reserve Your Spot!",1932.0,$
1613949090,https://media.kijiji.ca/api/v1/ca-prod-dealer-ads/images/b7/b7055f9f-39ec-486c-8aa4-44bf8a34b184?rule=kijijica-200-jpg,2 Bedroom Apartments for Rent on Bathurst Street,08/09/2022,Toronto,2,"Join Us for Our In-person Open House Every Wednesday & Friday, from 4pm to 6pm. Call Now to Reserve Your Spot! Experience the charm of this historic three-story Toronto apartment building with a ... 1 Month FREE on 13 Month Lease",2399.0,$
1605741125,https://media.kijiji.ca/api/v1/ca-prod-dealer-ads/images/bb/bb2d42e9-ce34-43b0-bdb6-cae3a36a77ab?rule=kijijica-200-jpg,1 Bedroom Apartments for Rent in Toronto,08/09/2022,Toronto,1,"***Join us for our Open House Every Wednesday From 4:00 pm - 6:00pm*** *Enjoy a $500 Gift Card Conditions May Apply. Contact us for Details.* Ideally situated just off HWY 401, this great location is ... Ask About our Rental Incentive!",1874.0,$
1605741112,https://media.kijiji.ca/api/v1/ca-prod-dealer-ads/images/f6/f64cda22-a45e-47ea-8021-44973dc51142?rule=kijijica-200-jpg,2 Bedroom Apartments for Rent in Toronto,08/09/2022,Toronto,2,"***Join us for our Open House Every Wednesday From 4:00 pm - 6:00pm*** *Enjoy a $500 Gift Card Conditions May Apply. Contact us for Details.* Ideally situated just off HWY 401, this great location is ... Ask About our Rental Incentive!",2332.0,$
1631468694,https://media.kijiji.ca/api/v1/ca-prod-dealer-ads/images/62/626ec0f5-df2a-4fe4-ab9c-d01ee35e081b?rule=kijijica-200-jpg,"2 Bedroom Apartments for Rent on Bathurst Street, North York",08/09/2022,Toronto,2,Key Features Professionally Managed by Landlord Property and Rental Management Inc. Newly Renovated Functional floorplan Hardwood Flooring throughout Galley-style kitchen with fridge and stove Nicely ... Apartments in Toronto for Rent!,2170.0,$
1605740974,https://media.kijiji.ca/api/v1/ca-prod-dealer-ads/images/0f/0fe52d75-69c7-4e48-90fa-a44b264ae63c?rule=kijijica-200-jpg,1 Bedroom Apartments for Rent in Toronto,08/09/2022,Toronto,1,"*Join Us for Our Open House Every Wednesday from 4:00-6:00 pm* Ideally situated just off HWY 401, this great location is surrounded by Clanton and Earl Bales Parks. It is the perfect rental in North ... Ask About our Rental Incentive!",1842.0,$
1631468591,https://media.kijiji.ca/api/v1/ca-prod-dealer-ads/images/31/3112e855-2952-4f8a-ad64-c88b3805e0b3?rule=kijijica-200-jpg,"1 Bedroom Apartments for Rent on Bathurst Street, North York",08/09/2022,Toronto,1,Key Features Professionally Managed by Landlord Property and Rental Management Inc. Newly Renovated Functional floorplan Hardwood Flooring throughout Galley-style kitchen with fridge and stove Nicely ... Apartments in Toronto for Rent!,1850.0,$
1505829302,https://media.kijiji.ca/api/v1/ca-prod-dealer-ads/images/d3/d3934cb3-30e3-41f8-ae25-98cb97664587?rule=kijijica-200-jpg,1 Bedroom ~ Pape Ave. & Cosburn Ave.,08/09/2022,City of Toronto,1,"80 Cosburn Ave., Toronto Cosburn Ave. & Pape Ave. Monthly rent: $2475 Utilities: Heat and water included, hydro extra Parking from: $90 per month/outdoor Suite Features: Upgraded kitchen with new ...",2475.0,$
1632213510,https://media.kijiji.ca/api/v1/ca-prod-fsbo-ads/images/dd/ddaa7141-2d76-48e0-97d7-dfb58f71d7fa?rule=kijijica-200-jpg,Bright & Beautiful 600 sq. ft studio apartment in Griffintown,08/09/2022,Old Toronto,Bachelor/Studio,"Bright & Beautiful 600 sq. ft studio apartment in the heart of Griffintown, Montreal! Steps away from Peel St, 5-min walk to Old Montreal and surrounded by an unbeatable restaurant scene, cafes and ...",1550.0,$
1632213407,https://media.kijiji.ca/api/v1/ca-prod-fsbo-ads/images/00/0042c469-14a1-47f5-9993-b1ac578b6705?rule=kijijica-200-jpg,"Luxury, New 3 Bedroom home Mineola/Lakeview (Cawthra/Lakeshore)!",08/09/2022,Toronto,3 + Den,"Townhome plus flex-space and a private Rooftop Terrace in Mineola East, Mississauga (Cawthra and Lakeshore)! No maintenance required (no cutting the grass or shoveling the driveway - 2 underground ...",3950.0,$
1622782068,https://media.kijiji.ca/api/v1/ca-prod-dealer-ads/images/36/36493f8e-03b7-4fc7-92f5-558460e7c76b?rule=kijijica-200-jpg,2 bdrm + terrace  PH Wellington St,08/09/2022,City of Toronto,2,"2 bdrm, 1 bath- 858 sq ft, corner suite with a wrap around terrace ( 702 sq ft) east and south views stainless appliances, white high gloss cabinets, quartz countertops ensuite frontloading ...",3775.0,$
1505825422,https://media.kijiji.ca/api/v1/ca-prod-dealer-ads/images/de/de5f13fd-0ff4-4ed3-bca8-01a8d7de5764?rule=kijijica-200-jpg,2 Bedroom Apartments - Eglinton & Victoria Park,08/09/2022,City of Toronto,2,"Summer Special - Inquire about our A/C* promotion *until supplies last Tours available in-person or via Skype, Whatsapp, or Facetime. Book yours today! To view this unit from the comfort of your own ... Oxford Residential - Goldengate - Beautiful Apartments for rent in Toronto on Eglinton Ave East and Victoria Park",2345.0,$
1505825404,https://media.kijiji.ca/api/v1/ca-prod-dealer-ads/images/fe/fe6adc64-5340-4fbc-8d7e-36ec09668365?rule=kijijica-200-jpg,One Bedroom Apartments on Eglinton Ave East and Victoria Park,08/09/2022,City of Toronto,1,"Summer Special - Inquire about our A/C* promotion *until supplies last Tours available in-person or via Skype, Whatsapp, or Facetime. Book yours today! To view this unit from the comfort of your own ... Oxford Residential - Goldengate - Beautiful Apartments for rent in Toronto on Eglinton Ave East and Victoria Park",1675.0,$
1632035538,https://media.kijiji.ca/api/v1/ca-prod-fsbo-ads/images/f1/f1ce80a2-49cc-4ff7-a122-38da49a5dc13?rule=kijijica-200-jpg,Yonge and Eglinton One Bedroom plus Den,08/09/2022,Toronto,1 + Den,"Yonge and Eglinton. Brand New. One Bedroom plus Den. Never been lived in, fabulous spacious condo at Yonge and Eglinton (Roehampton Avenue) available October 1. Move in now and get the month of ...",2700.0,$
1632194690,https://media.kijiji.ca/api/v1/ca-prod-fsbo-ads/images/e6/e69a8eb1-5449-4782-ab43-394e6b794316?rule=kijijica-200-jpg,Beautiful 1 BR /1 Bath @ Dufferin & Eglinton,08/09/2022,Toronto,1,"Bright & Spacious 1 Bed, 1 Bath @ Eglinton/Dufferin! Recently Renovated. Thousands Spent. Premium & Modern Finishes Throughout. Stunning Kitchen Featuring Marble Backsplash, Centre Island W/ Deep ...",2199.0,$
1632195172,https://media.kijiji.ca/api/v1/ca-prod-dealer-ads/images/57/575b4842-21ac-4e0e-922c-a732afef47a9?rule=kijijica-200-jpg,Fabulous 1 Bed/ 1 Bath @ Dufferin & Eglinton,08/09/2022,Toronto,1,"Recently Renovated. Brand New. Stunning 1 Bed, 1 Bath @ Dufferin/Eglinton W/ Private Backyard Deck. Premium & Modern Finishes Throughout. Open Concept Floorplan W/ Optimal Layout. Luxurious Kitchen ...",2250.0,$
1632196686,https://media.kijiji.ca/api/v1/ca-prod-dealer-ads/images/c0/c0ccb741-1442-4017-9ac4-cbc1ceb877b1?rule=kijijica-200-jpg,Stunning 2 Bed/ 1 Bath @ Dufferin & Eglinton,08/09/2022,Toronto,2,"One-Of-A-Kind Stunning & Spacious 2 Bed, 1 Bath Bsmt Apartment @ Dufferin/Eglinton. Brand New. Recently Renovated. Premium & Modern Finishes Throughout. Combined Living/Dining Space Featuring Gas ...",2399.0,$
1630407999,https://media.kijiji.ca/api/v1/ca-prod-fsbo-ads/images/ee/ee94b69c-b9b9-4b06-85e9-e23467754a19?rule=kijijica-200-jpg,Luxury Two Bedroom Apartment in Bloor West - Swansea,08/09/2022,Toronto,2,"Gorgeous, renovated luxury apartment in prime Swansea location! Stunning kitchen features extra-depth quartz counters, stainless appliances (including dishwasher and built-in venting microwave) and ...",2695.0,$
1628633887,https://media.kijiji.ca/api/v1/ca-prod-dealer-ads/images/c7/c706a120-837b-4016-bff9-df04f15cad4e?rule=kijijica-200-jpg,Spacious and bright newly renovated 2 bedroom basement apartment,08/09/2022,City of Toronto,2,Spacious and bright newly renovated 2 bedroom basement apartment in Etobicoke. Spacious and bright newly renovated 2 bedroom basement apartment of a detached house on a large lot in a sought after ...,2250.0,$
1628633918,https://media.kijiji.ca/api/v1/ca-prod-dealer-ads/images/e5/e5204103-3784-4931-878b-dd64d63d7132?rule=kijijica-200-jpg,25 The Esplanade,08/09/2022,City of Toronto,2,"Amazing Downtown Condo!!!Amazing condo. Bright, south facing 2 bed, 2 washrooms with lake views and 1104 sq. ft. of living space in the highly coveted Esplanade. Walking distance to Union Station, St ...",3500.0,$
1632210757,https://media.kijiji.ca/api/v1/ca-prod-fsbo-ads/images/1d/1d79a528-659e-40bb-8f35-dda26f6a4b34?rule=kijijica-200-jpg,Available NOW: Distillery 2bdr/2bth at 21 Lawren Harris Square,08/09/2022,Toronto,2,"Distillery District 700 Sq Ft. The Best Layout In The Building. The Only Exposure With Privacy And Ambience Of Unobstructed View. Den Can Double As A Bedroom, Or Office Space Or Extend Your Living ...",3000.0,$
1632209198,https://media.kijiji.ca/api/v1/ca-prod-fsbo-ads/images/93/93d4e144-8d9c-4bd6-a34d-45f7e64bbd55?rule=kijijica-200-jpg,379 Bedford Park Avenue,08/09/2022,Toronto,4 + Den,"Live In Elegance In This Stunning Executive Home Located In Prestigious Bedford Park. Conveniently Situated At Lawrence & Avenue. Approx. 2,886 Sq.Ft. + Bsmt On A Fantastic Lot. A Great Family Home ...",6250.0,$
1632208651,https://media.kijiji.ca/api/v1/ca-prod-fsbo-ads/images/9c/9c01cafe-f597-46d7-8139-d2f1efb033d7?rule=kijijica-200-jpg,Gorgeous 1 bedroom apt steps to keelesdale subway station,08/09/2022,City of Toronto,1,"Located in the Keelesdale neighbourhood, this is a boutique, 6 unit Toronto apartment building. Ideal for a professional working couple. Apts include two separate entrances front and back. Steps to ...",2000.0,$
1631795466,https://media.kijiji.ca/api/v1/ca-prod-fsbo-ads/images/7b/7b4b7d82-82c8-4465-9ade-d262d531ce01?rule=kijijica-200-jpg,Annex basement apartment 2 bedroom,08/09/2022,Toronto,2,Lovely renovated two bedroom available October 1st. Utilities included in rent as is high speed internet Laundry on site Side entrance Possibility for street parking with permit Many windows and lots ...,2050.0,$
1572085918,https://media.kijiji.ca/api/v1/ca-prod-dealer-ads/images/a2/a21e5021-5d2a-4a8f-97e9-73b57f8037b9?rule=kijijica-200-jpg,Parkdale 1 Bedroom Apartment for Rent - 146 Jameson Avenue,08/09/2022,Toronto,1,Current Promotions Please view our available units by clicking on the virtual tour below. Call now: (437) 886-5105Virtual Open House: Please view our available units by clicking on the virtual tour ...,1849.0,$
1566394136,https://media.kijiji.ca/api/v1/ca-prod-dealer-ads/images/25/2575339f-5860-479a-b81a-e736d0c54be9?rule=kijijica-200-jpg,Parkdale 1 Bedroom Apartment for Rent - 140 Jameson Avenue,08/09/2022,City of Toronto,1,Current Promotions Please view our available units by clicking on the virtual tour below. Call now: (437) 886-5105Virtual Open House: Please view our available units by clicking on the virtual tour ...,1899.0,$
1518505263,https://media.kijiji.ca/api/v1/ca-prod-dealer-ads/images/ae/aebd8380-1159-48cb-921d-1160e700104e?rule=kijijica-200-jpg,Parkdale Bachelor Apartment for Rent - 140 Jameson Avenue,08/09/2022,City of Toronto,Bachelor/Studio,Current Promotions Please view our available units by clicking on the virtual tour below. Call now: (437) 886-5105Virtual Open House: Please view our available units by clicking on the virtual tour ...,1549.0,$
1623976231,https://media.kijiji.ca/api/v1/ca-prod-dealer-ads/images/5c/5ce5c95b-305b-4e86-ac42-5d5ed793c05f?rule=kijijica-200-jpg,Parkdale Bachelor Apartment for Rent - 90 Jameson Avenue,08/09/2022,City of Toronto,Bachelor/Studio,Current Promotions Please view our available units by clicking on the virtual tour below. Call now: (437) 886-5105Virtual Open House: Please view our available units by clicking on the virtual tour ...,1599.0,$
1627659179,https://media.kijiji.ca/api/v1/ca-prod-dealer-ads/images/da/da4068a5-4a11-4436-ae91-a7a49725b8a7?rule=kijijica-200-jpg,Parkdale 2 Bedroom Apartment for Rent - 90 Jameson Avenue,08/09/2022,City of Toronto,2,Current Promotions Please view our available units by clicking on the virtual tour below. Call now: (437) 886-5105Virtual Open House: Please view our available units by clicking on the virtual tour ...,2349.0,$
1623099496,https://media.kijiji.ca/api/v1/ca-prod-dealer-ads/images/fa/fa61647a-e8f1-43cf-9f59-c4dc46aac913?rule=kijijica-200-jpg,Jameson and Lakeshore Parkdale 1 Bedroom Apartment for Rent - 90,08/09/2022,City of Toronto,1,Current Promotions Please view our available units by clicking on the virtual tour below. Call now: (437) 886-5105Virtual Open House: Please view our available units by clicking on the virtual tour ...,1949.0,$
1568954847,https://media.kijiji.ca/api/v1/ca-prod-dealer-ads/images/fe/fed6b310-8aa6-4627-9fc0-2190e4a49ca2?rule=kijijica-200-jpg,Scarborough 1 Bedroom Apartment for Rent - 45 Greenbrae Circuit,08/09/2022,City of Toronto,1,"Current Promotions View our units by clicking the virtual tour link, schedule a video tour or make an appointment for in person viewing. (416) 439-2567Virtual Open House: View our units by clicking ...",1988.0,$
1632206811,https://media.kijiji.ca/api/v1/ca-prod-fsbo-ads/images/0a/0a9e0fdc-f4da-4833-8184-734e3a93d97c?rule=kijijica-200-jpg,Junior One Bedroom in Parkdale,08/09/2022,Toronto,1,"Located on the ground floor in a quiet house. Recently renovated, close to downtown. The unit is currently furnished. Please call, email or text for more information or if you would like to see the ...",1800.0,$
1632206603,https://media.kijiji.ca/api/v1/ca-prod-fsbo-ads/images/16/16483eb6-6e89-43e6-a6ce-a82141a6d521?rule=kijijica-200-jpg,House for Rent,08/09/2022,Toronto,3,Prime Scarborough Location. Gorgeous Two Story 3 Bedrooms Semi Detached House for Rent On Very Quiet Court Near Rouge Beach. West Rough Area At Port Union Rd./Lawrence Ave. E. Area. Walking Distance ...,3150.0,$
1631091081,https://media.kijiji.ca/api/v1/ca-prod-dealer-ads/images/1e/1efa3ff7-f9cb-4434-a85a-0fb6af9b9bff?rule=kijijica-200-jpg,1 Bedroom  - Upper Canada Court - 110/140/160 Erskine,08/09/2022,Toronto,1,"Upper Canada Apartments offers you access to restaurants, shopping, theatres, schools, and much more! One-Bedroom available October and November Monthly rent from $1,620 - $1,775 plus electricity. ... Close to Yonge & Eglinton!",1620.0,$
1632091058,https://media.kijiji.ca/api/v1/ca-prod-fsbo-ads/images/64/647768cf-cfb8-42ab-a5fe-e1966c1ed5b0?rule=kijijica-200-jpg,Stunning Brand New 2 Bed 2 Bath unit with CN tower and lake view,08/09/2022,City of Toronto,2,"Stunning city, CN tower and water views!! Never lived in, 2 bedroom 2 bathroom condo with parking in the brand new Mirabella Condo Development. Top of the line finishes and appliances throughout. ...",3100.0,$
1631154237,https://media.kijiji.ca/api/v1/ca-prod-dealer-ads/images/d3/d3445536-ed86-4daf-b1df-ecbd794cdfa9?rule=kijijica-200-jpg,Bachelor Suite  | Niagara West for Rent,Yesterday,City of Toronto,Bachelor/Studio,"Utilities Included Sewage Garbage Collection Building Features Elevators Fitness room Public transit Shopping nearby Parks nearby Schools nearby Near Clinics or Hospitals 24 Hour Concierge Service ... Luxury, Pet Friendly Apartments in King West Toronto!",2049.0,$
1631150870,https://media.kijiji.ca/api/v1/ca-prod-dealer-ads/images/e2/e2dfc515-5306-4f37-a9c5-67e9114d9a11?rule=kijijica-200-jpg,PROMOTION  | Bachelor Suite - Newly Renovated | Call today!,08/09/2022,Toronto,Bachelor/Studio,"Hurry! Limited Time offer. Move-in on or before October 1st and get 1-month free rent for October on Select suites Hurry! Limited Time offer. Move-in on or before October 1st and get 1-month free ... Incentives, Virtual Tours &amp; Incredible Suites! Call Today.",2009.0,$
1631439129,https://media.kijiji.ca/api/v1/ca-prod-fsbo-ads/images/40/40a1f372-c3bb-4506-a0a4-1f4678e2f576?rule=kijijica-200-jpg,2 bed 2 bath condo at Fort York available for October 1st,02/09/2022,City of Toronto,2,"Modern condo in beautiful Fort York in a very desirable area. Condo Features: Bright condo with South exposure (bright and sunny all day long) Modern Kitchen With Granite Counter Top, Island, ...",2950.0,$
1490918982,https://media.kijiji.ca/api/v1/ca-prod-fsbo-ads/images/e1/e1956a54-ddec-4de6-89b4-37740f4ca905?rule=kijijica-200-jpg,"SINGLE BEDROOMS IN SHARED STUDENT APARTMENTS, CLOSE TO RYERSON",06/09/2022,City of Toronto,5+,"Single rooms for rent in shared student apartments, classic Victorian style house located in the heart of downtown Toronto (Jarvis & Carlton) **Rental price ranges from $995 to $1,100 per room per ...",995.0,$
1631590806,https://media.kijiji.ca/api/v1/ca-prod-dealer-ads/images/56/56db1d8a-a397-456c-a03b-8592f38699d7?rule=kijijica-200-jpg,3 Bedroom - Pharmacy Place - Near Danforth & Victoria Park,08/09/2022,Toronto,3,Located only 10 minutes north of Lake Ontario and Ashbridges Bay Park. Only 20 minutes east of downtown Toronto on a major city bus route at the intersection of Pharmacy Ave. and Dolphin Drive. Three ...,2500.0,$
1505827060,https://media.kijiji.ca/api/v1/ca-prod-dealer-ads/images/28/2833083e-401f-45f6-9aef-ef4082b3d37a?rule=kijijica-200-jpg,1 Bedroom - 263/273/283 Pharmacy Ave,08/09/2022,Toronto,1,Located only 10 minutes north of Lake Ontario and Ashbridges Bay Park. Only 20 minutes east of downtown Toronto on a major city bus route at the intersection of Pharmacy Ave. and Dolphin Drive. One ...,1710.0,$
1632205513,https://media.kijiji.ca/api/v1/ca-prod-fsbo-ads/images/c6/c6c652ed-4db0-408b-a729-f174ecc99780?rule=kijijica-200-jpg,2 bedroom 2 bath Village Green rental,08/09/2022,City of Toronto,2,"***Property managers and rental agencies: Please do not contact. Renting strictly from owner*** 151 Village Green Square. 2 bedrooms and 2 full bathrooms, corner unit on the 14th floor available ...",2500.0,$
1632205283,https://media.kijiji.ca/api/v1/ca-prod-fsbo-ads/images/e7/e7baecaa-1b51-4977-a6ee-7462114144bf?rule=kijijica-200-jpg,"Full furnished bachelor apartment for rent ,Toronto, ON",08/09/2022,City of Toronto,Bachelor/Studio,"A very clean and beautiful full furnished bachelor apartment in 798 Richmond Street west, Toronto for rent",2200.0,$
1632205217,https://media.kijiji.ca/api/v1/ca-prod-fsbo-ads/images/c3/c3eace01-f645-4035-8c17-42cf8b43f4b9?rule=kijijica-200-jpg,One bedroom Condo Available immediately in Leslieville!!,08/09/2022,Toronto,1,"Incudes fridge / freezer, diswhasher, oven, microwave, washer/dryer, gas outlet for BBQ on balcony. Must have proof of employment, full credit report, landlord/professional references. Hydro extra, ...",2250.0,$
1608428883,https://media.kijiji.ca/api/v1/ca-prod-dealer-ads/images/02/02fb0dec-b471-4687-8dbd-28a9b87f6b14?rule=kijijica-200-jpg,2 Bedroom Apartments for Rent on Queen Street East,08/09/2022,City of Toronto,2,"* Join Us For Our Open House Every Wednesday 2:00 - 6:00 pm! Call To Register* The Balmy Beach Club offers endless activities including a fitness center, hockey, lawn bowling, paddling, rugby, ... Ask About our Rental Incentive!",2433.0,$
1608428584,https://media.kijiji.ca/api/v1/ca-prod-dealer-ads/images/fa/fa201813-9660-466b-afc2-cb0ea8f18b1f?rule=kijijica-200-jpg,1 Bedroom Apartments for Rent on Queen Street East,08/09/2022,City of Toronto,1,Property Features These exceptional low-rise properties sit on the north side of Queen Street East just east of Victoria Park Avenue located in the well sought-after neighborhood of The Beaches. Just ... Ask About our Rental Incentive!,1822.0,$
1603991730,https://media.kijiji.ca/api/v1/ca-prod-dealer-ads/images/8f/8f45fc9e-1682-48fd-9002-9975d897e55c?rule=kijijica-200-jpg,2 Bedroom Apartments for Rent in North York,08/09/2022,City of Toronto,2,"Join us for our Open House Every Saturday from 11:00 - 1:00pm To view our property from the comfort of your own home, click the virtual tour link above! Virtual tours and exterior renderings are for ... Enjoy Condo Living Without the Fees",2331.0,$
1608428904,https://media.kijiji.ca/api/v1/ca-prod-dealer-ads/images/eb/eb1a5729-0dc4-4522-bd02-330acb6c3dc0?rule=kijijica-200-jpg,1 Bedroom Apartments for Rent on Queen Street East,08/09/2022,City of Toronto,1,"* Join Us For Our Open House Every Wednesday 2:00 - 6:00 pm! Call To Register* The Balmy Beach Club offers endless activities including a fitness center, hockey, lawn bowling, paddling, rugby, ... Ask About our Rental Incentive!",1849.0,$
1603991734,https://media.kijiji.ca/api/v1/ca-prod-dealer-ads/images/68/68a8204f-18cd-426b-b263-ad7199138cdf?rule=kijijica-200-jpg,1 Bedroom Apartments for Rent in the North York,08/09/2022,City of Toronto,1,"Join us for our Open House Every Saturday from 11:00 - 1:00pm To view our property from the comfort of your own home, click the virtual tour link above! Virtual tours and exterior renderings are for ... Enjoy Condo Living Without the Fees",1725.0,$
1603625842,https://media.kijiji.ca/api/v1/ca-prod-dealer-ads/images/9d/9d139811-1aca-41eb-a7e5-f68e18ba9155?rule=kijijica-200-jpg,North York 1 Bedroom Apartment for Rent,08/09/2022,City of Toronto,1,"Join us for our Open House Every Saturday from 11:00 - 1:00pm To view our property from the comfort of your own home, click the virtual tour link above! Virtual tours are for illustrative purposes ... Enjoy Condo Living Without the Fees",1955.0,$
1613962530,https://media.kijiji.ca/api/v1/ca-prod-dealer-ads/images/00/002f9906-b14b-4d9d-bc8a-7f8c4e2ee691?rule=kijijica-200-jpg,1 Bedroom Apartments for Rent on Bathurst Street,08/09/2022,Toronto,1,"Join Us for Our In-person Open House Every Wednesday & Friday, from 4pm to 6pm. Call Now to Reserve Your Spot! Located just North of St. Clair in Forest Hill, we are just steps away from public ... Ask About our Rental Incentive!",2080.0,$
1631087173,https://media.kijiji.ca/api/v1/ca-prod-fsbo-ads/images/f8/f8d3f6ba-d048-4ccf-b646-6d6a02432e8a?rule=kijijica-200-jpg,"CASA Condo, wrap-around Balcony @Yonge&Bloor/Charles/Yorkville",08/09/2022,Toronto,1 + Den,"Luxury/ Extra Large 1 Bedroom Corner suite. High in-demand building at the heart of the city. A walkers Paradise. Move in Today!! A modern open concept layout, plenty of windows and natural ...",2800.0,$
1631277280,https://media.kijiji.ca/api/v1/ca-prod-dealer-ads/images/84/845085f1-237a-4428-8131-b3b120d16edc?rule=kijijica-200-jpg,Upscale 2 Bedroom Suite Don Mills & Sheppard Ave E,08/09/2022,Toronto,2,"Our renovated apartments at 25 Leith Hill are conveniently located at Leith Hill Rd, near Don Mills Rd in Toronto's North York region. Please contact Lola at (416) 494-0521 to schedule a viewing. ...",2349.0,$
1632202988,https://media.kijiji.ca/api/v1/ca-prod-fsbo-ads/images/4a/4af8dee8-2398-4351-9ce7-49d07303ca76?rule=kijijica-200-jpg,house for rent,08/09/2022,Toronto,4,"Great Location, Wonderful School Ay Jackson Ss/Zion Height Ms/Steelesview Ps, Beautiful House,With Standard Room Sizes, Bright, Open Concept, Sun-Lighted Home, Nice Private Backyard, Seperate ...",3500.0,$
1632201853,https://media.kijiji.ca/api/v1/ca-prod-fsbo-ads/images/35/35e9541c-0cb2-4d0b-a4e2-ac8b094d2601?rule=kijijica-200-jpg,YONGE STREET TORONTO YONGE AND DREWRY 1BED +DEN CONDO RENT $2795,08/09/2022,Toronto,1 + Den,"North York| Yonge St | Yonge and Drewry|1 BED + DEN CONDO FOR RENT DESCRIPTION: Beautiful 1-bedroom newly painted condo, steps away from all amenities and Park, you are close to public transit, ...",2795.0,$
1505791612,https://media.kijiji.ca/api/v1/ca-prod-dealer-ads/images/df/dfa8c30f-87f1-4d62-83a6-4ce999400fa5?rule=kijijica-200-jpg,"85-95 Gamble Ave. - 2Br. ""Newly Renovated Suites""",08/09/2022,City of Toronto,2,Apartment for Rent in Toronto managed by Q Residential Ask about our Parking Promotion!!! Key Property Details Beautiful & Well Maintained Building Spacious living room & Plenty of closet space ...,2200.0,$
1548012157,https://media.kijiji.ca/api/v1/ca-prod-dealer-ads/images/89/89756900-8921-41ac-bc71-b55d287da01f?rule=kijijica-200-jpg,"Finch and Bathurst: 3 Goldfinch Court, SPACIOUS 1BR AVAILABLE!!",08/09/2022,City of Toronto,1,Apartment for Rent in Toronto managed by Q Residential Key Property Details Newly renovated suites and under new management Onsite Laundry & Parking! Convenient Access to Hwy 401 & to Many Amenities! ...,1750.0,$
1632201824,https://media.kijiji.ca/api/v1/ca-prod-fsbo-ads/images/93/933decfb-3b5d-4971-84bf-3619c3517685?rule=kijijica-200-jpg,Bay & Bloor - 2 Bed 2 Bath FURNISHED Condo,08/09/2022,Toronto,2,This unit was completed gutted and renovated in 2020 1 parking spot and 1 locker included Steps to University of Toronto Building amenities were also renovated and remodelled in 2021 Unit comes ...,4800.0,$
1632200329,https://media.kijiji.ca/api/v1/ca-prod-fsbo-ads/images/1f/1f2f3f33-cb4c-49af-ae81-758bf06c7e1c?rule=kijijica-200-jpg,CORPORATE DRIVE MCCOWAN HWY 401 2 BED+DEN CONDO FOR RENT $ 2795,08/09/2022,Toronto,2 + Den,"Scarborough | Corporate Drive | Mccowan & HWY 401 | 2 BED + DEN CONDO FOR RENT DESCRIPTION: Beautiful 2-bedroom plus den newly renovated condo, steps away from all amenities and Park, you are close ...",2795.0,$
1632200134,https://media.kijiji.ca/api/v1/ca-prod-dealer-ads/images/8e/8e368898-20f5-4a4e-8635-dd97e486a858?rule=kijijica-200-jpg,"Sheppard/victoria park,Oct 3 main floor,2 living room,2 parking",08/09/2022,Scarborough,3,"Sheppard/victoria park,MOVE IN after October,3 bedrms + 2 living room,elegant renovated,LUXURY OPEN CONCEPT ISLAND ,5 stainless steele appliance,BEAUTIFUL BACKYARD for entertainment,2 ...",3200.0,$
1632199872,https://media.kijiji.ca/api/v1/ca-prod-fsbo-ads/images/f7/f7ccf2f1-a7a1-4985-9fe1-f935247bdd74?rule=kijijica-200-jpg,2 bedroom (bath) - 125 Redpath - Midtown,08/09/2022,Toronto,1 + Den,"Open concept kitchen living room. 1 Bedroom plus Den (can be used as a 2nd bedroom) with 2 full bathrooms, 789sq.ft. with a balcony; facing East. Equipped with ensuite laundry, stainless steel ...",2800.0,$
1632199656,https://media.kijiji.ca/api/v1/ca-prod-fsbo-ads/images/51/515304f5-47b7-40f7-b291-7b1430efbff7?rule=kijijica-200-jpg,Scarborough bungalow house for rent,08/09/2022,Toronto,5+,"Scarborough bungalow house for rent. 5 bedrooms, 3 bathrooms, 2 kitchens. The main floor has 2 bedrooms, 2 bathrooms and a kitchen. 3 bedrooms, 1 kitchen, 1 bathroom in the basement with good ...",3500.0,$
1591549538,https://media.kijiji.ca/api/v1/ca-prod-dealer-ads/images/6a/6a6a276c-8112-4ed6-bb0e-9b109556302f?rule=kijijica-200-jpg,SPACIOUS ONE BEDROOM + DEN!!,08/09/2022,Toronto,1 + Den,We have a beautiful renovated Waterfront One Bedroom Den. Multiple occupancy dates on a one year lease!! Flexible Move-In Dates!! CONTACT US FOR MORE DETAILS!! If you are interested in making an ...,2497.0,$
1632199014,https://media.kijiji.ca/api/v1/ca-prod-fsbo-ads/images/09/0908f9dd-af56-4a26-8bbe-7054084631cf?rule=kijijica-200-jpg,Scarborough 2 bedroom basement for rent from October 1st,08/09/2022,Scarborough,2,SCARBOROUGH BASEMENT FOR RENT: Mclevin and Glanvil crescent .Scarborough. -Separate entrance. -Specious 2 bedroom . -One full washroom . -Eat in kitchen. -Furnished. -Free WiFi. -Tenants pay 40% ...,,
1632198680,https://media.kijiji.ca/api/v1/ca-prod-fsbo-ads/images/85/85ebcf66-8dcc-447c-99e0-46a271445104?rule=kijijica-200-jpg,Looking to Rent A Beautiful Townhome in the Heart of Toronto?!,08/09/2022,Toronto,3,"Searching for a Beautiful Townhome in the Heart of Toronto? Look no further than this 1-year old three-level townhome with 3 beds, 2 baths and a private rooftop patio! - Over 1400sqft - 3 Bed - 2 ...",4850.0,$
1632198523,https://media.kijiji.ca/api/v1/ca-prod-fsbo-ads/images/d3/d31198eb-bce7-4c82-b2ac-4b3d86343562?rule=kijijica-200-jpg,1 Bedroom Apartment for rent,08/09/2022,Toronto,1,Freshly painted 1 Bedroom Apartment for rent at Yonge St and Balliol. Steps from shops and subway.,1250.0,$
1588422660,https://media.kijiji.ca/api/v1/ca-prod-dealer-ads/images/ff/ff5c8342-7de5-4058-8505-0ffa5f0c0296?rule=kijijica-200-jpg,1 Bedroom Available October 15th | Get a $500 Credit!,08/09/2022,Etobicoke,1,"Station Place is located at 5249 Dundas St W conveniently located near the Bloor and Kipling intersection. Brand new, never lived in before suites featuring spacious layouts with large bedrooms and ...",2199.0,$
1588422652,https://media.kijiji.ca/api/v1/ca-prod-dealer-ads/images/3c/3cc6c959-efaa-415a-9826-100a46f39dff?rule=kijijica-200-jpg,2 Bedroom in the heart of Etobicoke! | Get 1 Month FREE Rent!,08/09/2022,Etobicoke,2,"Station Place is located at 5249 Dundas St W conveniently located near the Bloor and Kipling intersection. Brand new, never lived in before suites featuring spacious layouts with large bedrooms and ...",2849.0,$
1618586407,https://media.kijiji.ca/api/v1/ca-prod-dealer-ads/images/13/13362fbd-5daf-45b9-aba0-afde48ee9462?rule=kijijica-200-jpg,Studio Available November 15th | Get a $500 Credit!,08/09/2022,Etobicoke,Bachelor/Studio,"Station Place is located at 5249 Dundas St W conveniently located near the Bloor and Kipling intersection. Brand new, never lived in before suites featuring spacious layouts with large bedrooms and ...",1999.0,$
1611189855,https://media.kijiji.ca/api/v1/ca-prod-dealer-ads/images/ac/ace4e392-0c3e-4daa-ae3d-e50a1c03bcff?rule=kijijica-200-jpg,1 Bedroom Available October 15th | CALL NOW!,08/09/2022,Toronto,1,"Located at 5 Dufresne Court, near the intersection of Don Mills Rd and Eglinton Ave. E, Dufresne Court Apartments has 1, 2, and 3 bedroom suites. Suites offers: Gorgeous parquet flooring Ceramic ...",1925.0,$
1615795276,https://media.kijiji.ca/api/v1/ca-prod-dealer-ads/images/e4/e499416c-2c87-4c83-b96b-ec5e5fbbb427?rule=kijijica-200-jpg,1 Bedroom available October 1st | Call for more details!,08/09/2022,Scarborough,1,"Biggin Court Apartments are located at 1, 2, 3, 5, and 7 Biggin Court in Scarborough, near the Victoria Park Avenue and Eglinton Avenue East intersection. This ""Feel at Home"" community offers a ... Great Scarborough Location in Victoria Village! Walking distance to Metro, Shopper's Drug Mart & Tim's! Close to DVP and TTC buses 24, 34 and 70!",1999.0,$
1631516883,https://media.kijiji.ca/api/v1/ca-prod-dealer-ads/images/27/27dd7796-f837-4ecd-9c75-b0d5724be548?rule=kijijica-200-jpg,2 Bedroom Available Nov.15th | Kennedy and 401! Call Today!,08/09/2022,Scarborough,2,"Located at Kennedy and 401, Antrim Apartments offers one and two-bedroom suites that are ideal for everyone. Suites offer: Parquet flooring Ample storage space (large storage room) Galley-style ... Great Scarborough Location! Walking Distance to Chapters, Metro & Restaurants! 43 Kennedy TTC Bus Outside Your Door!",2175.0,$
1632197956,https://media.kijiji.ca/api/v1/ca-prod-fsbo-ads/images/01/01d9d443-3b37-418a-ae8c-39932fb9f190?rule=kijijica-200-jpg,Don Mills/Sheppard 1+Den Luxury Condo For Lease,08/09/2022,Toronto,1 + Den,"Prime Location at Don Mills / Sheppard Beautiful And Spacious 1+1 Bedroom Unit, Den Can Be Used As Second Bedroom! 9 Ft. Floor To Ceilings Windows With South View. Large Balcony. Engineered Wood ...",2500.0,$
1631397142,https://media.kijiji.ca/api/v1/ca-prod-dealer-ads/images/64/64f9f913-1b84-40a2-9f64-039725c42556?rule=kijijica-200-jpg,2 Bedroom available Nov.15th -Vic Park/Lawrence Ave E!,08/09/2022,Scarborough,2,Victoria Park Apartments are located in Scarborough near the Lawrence Avenue East and Victoria Park Avenue intersection. The community is highly accessible via public transportation through the DVP ... Great Scarborough Location in Wexford - Close to Schools & Grocery - 54 TTC Bus/Lawrence & DVP,2199.0,$
1630119048,https://media.kijiji.ca/api/v1/ca-prod-dealer-ads/images/44/44c06435-7e96-4e5a-a750-59ccd2c385a4?rule=kijijica-200-jpg,1 Bed Available November 15th | Call Now!,08/09/2022,Toronto,1,"Thorncliffe Park Apartments are located at 27 Thorncliffe Park Drive in Toronto (East York), near the Thorncliffe Park Drive and Overlea Boulevard intersection. The apartment is accessible via TTC ... Schools, Restaurants & Transit! Easy Access to the DVP!",1999.0,$
1608187922,https://media.kijiji.ca/api/v1/ca-prod-dealer-ads/images/b5/b52ee493-874e-441f-b59a-896a66904b7f?rule=kijijica-200-jpg,1 Bedroom Available October 15th | Call for details!,08/09/2022,Scarborough,1,"Victoria Park Apartments are located in Scarborough near the Lawrence Avenue East and Victoria Park Avenue intersection. The buildings offer apartments for rent such as bachelor, 1 bedroom apartment, ... Great Scarborough Location in Wexford - Close to Schools & Grocery - 54 TTC Bus/Lawrence & DVP",1949.0,$
1631943335,https://media.kijiji.ca/api/v1/ca-prod-dealer-ads/images/67/674118e7-5c65-4c05-b35c-427d586a5212?rule=kijijica-200-jpg,1 bedroom Available Sept.15th! | Victoria Park & Eglinton!,08/09/2022,Scarborough,1,"Victoria Park Apartments is located at 1631 Victoria Park Ave., near the intersection of Lawrence Ave E and Victoria Park Ave. The buildings offer bachelor, 1 and 2 bedroom, freshly painted suites, ... Conveniently located near Vic Park & Eglinton! Close to shopping, schools & restaurants!",1949.0,$
1631154111,https://media.kijiji.ca/api/v1/ca-prod-dealer-ads/images/8a/8ab7b41e-c38a-4e06-9557-249036957331?rule=kijijica-200-jpg,1 BED+DEN | 2 BATH - CONDO FOR RENT - ETOBICOKE,08/09/2022,Etobicoke,1 + Den,"1 Bedroom+Den | 2 Bathrooms, Upgraded Kitchen, Stainless Steel Appliances, Dishwasher, Microwave, Back Splash, Stone Countertops, Laminate Floors, Ensuite Laundry, Semi-Private Balcony, Tons of ... 70 Annie Craig Drive, Etobicoke, Ontario M8V 0G2 Close to Lake Shore Boulevard West, Opposite 2155 Lake Shore Blvd West Bus Stop, John English Junior Middle School, Humber Bay Park West, CF Sherway Gardens, Museum of Contemporary Art Toronto Canada,",2345.0,$
1629166584,https://media.kijiji.ca/api/v1/ca-prod-dealer-ads/images/c7/c7702338-433f-4132-8bcc-eeec6c54b2c4?rule=kijijica-200-jpg,2 BED | 1 BATH - BASEMENT APT FOR RENT - NORTH YORK,08/09/2022,North York,2,"2 Bedrooms | 1 Bathroom, Upgraded Kitchen, Back Splash, Stainless Steel Appliances, Stone Countertops, Ensuite Laundry, Vinyl Floors, Backyard Deck, Private Terrace, Tons of Natural Light. OPEN 24/7 ... 7 Mango Drive, North York, Ontario M2K 2E9, Close to Highway 404, North York Centre, Bessarion Station, Finch Avenue East at Page Avenue, Cummer Avenue at Pineway Boulevard, Finch Public School, Lescon Public School, Parkview Park, Clarinda Park",1699.0,$
